Municipio,Año,TempMax °C,TempMed °C
Almeida,2001,37.25,"28,46"
Almeida,2002,34.23,"27,86"
Almeida,2003,35.27,"27,87"
Almeida,2004,35.27,"27,54"
Almeida,2005,35.29,"27,67"
Almeida,2006,34.09,"27,25"
Almeida,2007,39.09,"27,58"
Almeida,2008,36.57,"24,34"
Almeida,2009,33.43,"27,88"
Almeida,2010,35.83,"28,03"
Almeida,2011,35.07,"26,46"
Almeida,2012,32.47,"26,39"
Almeida,2013,33.67,"26,67"
Almeida,2014,34.67,"27,13"
Almeida,2015,36.91,"27,35"
Almeida,2016,35.91,"26,84"
Almeida,2017,32.69,"27,00"
Almeida,2018,32.69,"25,00"
Almeida,2019,35.33,"27,40"
Almeida,2020,36.27,"24,97"
Almeida,2021,34.09,"28,39"
Aquitania,2001,41.93,"26,91"
Aquitania,2002,40.59,"26,90"
Aquitania,2003,38.35,"26,17"
Aquitania,2004,38.35,"27,19"
Aquitania,2005,38.33,"26,25"
Aquitania,2006,38.73,"27,31"
Aquitania,2007,42.29,"26,95"
Aquitania,2008,38.37,"27,53"
Aquitania,2009,36.91,"26,52"
Aquitania,2010,37.03,"27,22"
Aquitania,2011,35.89,"25,22"
Aquitania,2012,35.99,"26,08"
Aquitania,2013,34.31,"26,00"
Aquitania,2014,36.61,"26,28"
Aquitania,2015,36.31,"24,97"
Aquitania,2016,39.31,"27,04"
Aquitania,2017,35.53,"26,80"
Aquitania,2018,36.65,"27,36"
Aquitania,2019,37.29,"27,20"
Aquitania,2020,40.51,"27,79"
Aquitania,2021,34.43,"27,16"
Arcabuco,2001,35.85,"25,65"
Arcabuco,2002,38.47,"25,57"
Arcabuco,2003,36.71,"25,73"
Arcabuco,2004,36.71,"26,10"
Arcabuco,2005,34.93,"24,38"
Arcabuco,2006,33.07,"24,50"
Arcabuco,2007,35.41,"24,60"
Arcabuco,2008,30.41,"26,09"
Arcabuco,2009,33.43,"25,33"
Arcabuco,2010,34.77,"24,77"
Arcabuco,2011,31.67,"23,89"
Arcabuco,2012,33.11,"24,83"
Arcabuco,2013,36.09,"24,88"
Arcabuco,2014,33.57,"24,29"
Arcabuco,2015,37.25,"25,88"
Arcabuco,2016,41.33,"25,44"
Arcabuco,2017,32.27,"24,76"
Arcabuco,2018,33.79,"25,86"
Arcabuco,2019,36.65,"24,53"
Arcabuco,2020,37.85,"27,99"
Arcabuco,2021,33.17,"25,14"
Belén,2001,37.25,"27,37"
Belén,2002,37.89,"26,92"
Belén,2003,37.39,"26,72"
Belén,2004,37.39,"26,91"
Belén,2005,35.13,"25,16"
Belén,2006,34.55,"24,95"
Belén,2007,38.31,"26,26"
Belén,2008,33.75,"23,31"
Belén,2009,34.05,"26,11"
Belén,2010,35.81,"26,21"
Belén,2011,32.23,"22,97"
Belén,2012,32.93,"25,83"
Belén,2013,36.03,"26,63"
Belén,2014,34.77,"25,65"
Belén,2015,36.43,"27,58"
Belén,2016,38.63,"27,11"
Belén,2017,33.39,"24,28"
Belén,2018,33.97,"24,37"
Belén,2019,33.91,"25,15"
Belén,2020,38.29,"24,58"
Belén,2021,32.91,"26,59"
Berbeo,2001,35.77,"27,99"
Berbeo,2002,35.61,"27,75"
Berbeo,2003,33.89,"27,81"
Berbeo,2004,33.89,"27,85"
Berbeo,2005,36.13,"27,24"
Berbeo,2006,33.13,"27,44"
Berbeo,2007,36.11,"27,52"
Berbeo,2008,35.43,"25,04"
Berbeo,2009,33.73,"28,33"
Berbeo,2010,36.03,"29,11"
Berbeo,2011,32.73,"26,79"
Berbeo,2012,34.09,"27,12"
Berbeo,2013,35.35,"26,95"
Berbeo,2014,34.83,"27,55"
Berbeo,2015,36.45,"28,09"
Berbeo,2016,37.57,"27,75"
Berbeo,2017,32.31,"24,85"
Berbeo,2018,32.99,"24,73"
Berbeo,2019,38.05,"28,23"
Berbeo,2020,38.63,"26,30"
Berbeo,2021,33.23,"28,65"
Betéitiva,2001,38.67,"28,49"
Betéitiva,2002,38.29,"29,03"
Betéitiva,2003,38.73,"28,90"
Betéitiva,2004,38.73,"27,87"
Betéitiva,2005,38.53,"27,71"
Betéitiva,2006,37.55,"27,38"
Betéitiva,2007,37.87,"28,12"
Betéitiva,2008,35.75,"27,71"
Betéitiva,2009,35.79,"26,92"
Betéitiva,2010,37.55,"26,94"
Betéitiva,2011,33.75,"24,53"
Betéitiva,2012,34.91,"27,18"
Betéitiva,2013,37.31,"27,34"
Betéitiva,2014,37.99,"28,54"
Betéitiva,2015,39.37,"29,75"
Betéitiva,2016,40.87,"29,01"
Betéitiva,2017,33.95,"27,17"
Betéitiva,2018,35.37,"27,44"
Betéitiva,2019,38.09,"25,79"
Betéitiva,2020,35.29,"28,40"
Betéitiva,2021,35.69,"29,13"
Boavita,2001,44.67,"34,90"
Boavita,2002,45.43,"35,34"
Boavita,2003,44.41,"33,95"
Boavita,2004,44.41,"32,58"
Boavita,2005,45.31,"33,24"
Boavita,2006,43.17,"32,78"
Boavita,2007,42.57,"33,50"
Boavita,2008,44.83,"26,82"
Boavita,2009,42.91,"33,50"
Boavita,2010,44.81,"31,71"
Boavita,2011,43.01,"30,35"
Boavita,2012,42.35,"32,69"
Boavita,2013,44.29,"33,06"
Boavita,2014,43.97,"33,39"
Boavita,2015,44.77,"35,43"
Boavita,2016,44.81,"34,29"
Boavita,2017,42.27,"25,21"
Boavita,2018,42.83,"26,90"
Boavita,2019,41.97,"32,51"
Boavita,2020,43.81,"27,41"
Boavita,2021,41.71,"33,50"
Boyacá,2001,35.19,"26,59"
Boyacá,2002,36.03,"26,46"
Boyacá,2003,35.61,"25,59"
Boyacá,2004,35.61,"25,38"
Boyacá,2005,37.37,"25,31"
Boyacá,2006,34.39,"25,65"
Boyacá,2007,36.11,"25,61"
Boyacá,2008,32.47,"32,47"
Boyacá,2009,32.77,"25,01"
Boyacá,2010,36.07,"26,83"
Boyacá,2011,32.57,"23,45"
Boyacá,2012,30.51,"24,66"
Boyacá,2013,35.47,"24,95"
Boyacá,2014,33.95,"26,19"
Boyacá,2015,36.03,"25,19"
Boyacá,2016,40.27,"25,80"
Boyacá,2017,34.31,"31,68"
Boyacá,2018,34.13,"31,92"
Boyacá,2019,35.15,"24,67"
Boyacá,2020,35.99,"33,33"
Boyacá,2021,31.79,"26,02"
Briceño,2001,30.81,"25,97"
Briceño,2002,30.55,"25,54"
Briceño,2003,29.95,"25,28"
Briceño,2004,29.95,"25,57"
Briceño,2005,30.73,"24,91"
Briceño,2006,30.89,"25,53"
Briceño,2007,29.35,"25,10"
Briceño,2008,27.71,"24,36"
Briceño,2009,31.99,"25,40"
Briceño,2010,29.13,"25,66"
Briceño,2011,28.33,"25,13"
Briceño,2012,31.29,"25,46"
Briceño,2013,30.49,"26,17"
Briceño,2014,32.49,"25,38"
Briceño,2015,34.93,"26,73"
Briceño,2016,31.23,"26,97"
Briceño,2017,28.43,"25,23"
Briceño,2018,32.71,"24,04"
Briceño,2019,32.87,"25,83"
Briceño,2020,30.13,"25,42"
Briceño,2021,28.61,"24,69"
Buenavista,2001,34.49,"26,75"
Buenavista,2002,33.93,"26,79"
Buenavista,2003,32.37,"26,75"
Buenavista,2004,32.37,"26,64"
Buenavista,2005,32.05,"26,34"
Buenavista,2006,31.71,"26,15"
Buenavista,2007,31.29,"26,42"
Buenavista,2008,29.25,"24,23"
Buenavista,2009,33.39,"26,31"
Buenavista,2010,30.43,"26,54"
Buenavista,2011,31.23,"25,92"
Buenavista,2012,34.25,"26,10"
Buenavista,2013,31.49,"26,86"
Buenavista,2014,36.77,"26,59"
Buenavista,2015,37.43,"27,03"
Buenavista,2016,33.65,"26,84"
Buenavista,2017,30.23,"25,59"
Buenavista,2018,34.31,"25,19"
Buenavista,2019,33.31,"26,43"
Buenavista,2020,31.69,"25,55"
Buenavista,2021,30.21,"26,27"
Busbanzá,2001,41.67,"30,49"
Busbanzá,2002,41.73,"30,35"
Busbanzá,2003,38.53,"27,89"
Busbanzá,2004,38.53,"27,55"
Busbanzá,2005,38.03,"28,56"
Busbanzá,2006,37.33,"25,80"
Busbanzá,2007,37.31,"28,85"
Busbanzá,2008,36.01,"25,79"
Busbanzá,2009,36.25,"26,98"
Busbanzá,2010,37.01,"27,03"
Busbanzá,2011,32.41,"24,09"
Busbanzá,2012,32.21,"26,49"
Busbanzá,2013,37.01,"27,34"
Busbanzá,2014,38.03,"27,41"
Busbanzá,2015,41.19,"28,92"
Busbanzá,2016,40.31,"28,68"
Busbanzá,2017,33.83,"26,12"
Busbanzá,2018,36.19,"26,41"
Busbanzá,2019,36.33,"26,77"
Busbanzá,2020,35.29,"26,24"
Busbanzá,2021,35.87,"29,03"
Caldas,2001,35.09,"26,50"
Caldas,2002,40.15,"26,60"
Caldas,2003,35.97,"24,40"
Caldas,2004,35.97,"24,11"
Caldas,2005,37.71,"23,74"
Caldas,2006,35.17,"24,35"
Caldas,2007,34.89,"23,64"
Caldas,2008,28.77,"25,72"
Caldas,2009,31.51,"24,01"
Caldas,2010,34.75,"24,49"
Caldas,2011,29.03,"22,23"
Caldas,2012,32.21,"24,50"
Caldas,2013,35.39,"25,50"
Caldas,2014,34.35,"24,26"
Caldas,2015,37.93,"25,48"
Caldas,2016,41.39,"26,68"
Caldas,2017,31.25,"26,03"
Caldas,2018,31.27,"25,04"
Caldas,2019,32.07,"23,73"
Caldas,2020,35.43,"28,97"
Caldas,2021,30.33,"24,71"
Campohermoso,2001,37.23,"28,49"
Campohermoso,2002,35.67,"27,87"
Campohermoso,2003,35.87,"28,52"
Campohermoso,2004,35.87,"28,31"
Campohermoso,2005,34.83,"27,93"
Campohermoso,2006,34.07,"27,99"
Campohermoso,2007,38.73,"28,38"
Campohermoso,2008,36.09,"21,24"
Campohermoso,2009,33.55,"27,91"
Campohermoso,2010,37.57,"29,07"
Campohermoso,2011,34.13,"27,85"
Campohermoso,2012,33.51,"27,93"
Campohermoso,2013,34.05,"28,03"
Campohermoso,2014,34.53,"28,97"
Campohermoso,2015,34.49,"28,15"
Campohermoso,2016,36.53,"28,24"
Campohermoso,2017,32.03,"22,82"
Campohermoso,2018,33.93,"23,73"
Campohermoso,2019,39.35,"28,83"
Campohermoso,2020,38.79,"25,32"
Campohermoso,2021,33.09,"28,42"
Cerinza,2001,36.31,"26,05"
Cerinza,2002,37.91,"25,82"
Cerinza,2003,37.81,"24,91"
Cerinza,2004,37.81,"25,18"
Cerinza,2005,32.73,"24,53"
Cerinza,2006,35.33,"23,55"
Cerinza,2007,36.01,"25,14"
Cerinza,2008,33.93,"27,90"
Cerinza,2009,33.05,"24,68"
Cerinza,2010,35.73,"26,15"
Cerinza,2011,32.65,"22,13"
Cerinza,2012,31.19,"23,95"
Cerinza,2013,35.19,"25,14"
Cerinza,2014,34.05,"25,42"
Cerinza,2015,35.43,"26,12"
Cerinza,2016,39.97,"25,61"
Cerinza,2017,31.27,"27,55"
Cerinza,2018,34.35,"28,23"
Cerinza,2019,34.93,"23,75"
Cerinza,2020,37.13,"28,40"
Cerinza,2021,32.21,"26,31"
Chinavita,2001,36.47,"27,57"
Chinavita,2002,33.79,"27,05"
Chinavita,2003,39.31,"27,47"
Chinavita,2004,39.31,"27,02"
Chinavita,2005,36.35,"26,74"
Chinavita,2006,33.55,"27,31"
Chinavita,2007,37.77,"26,81"
Chinavita,2008,34.23,"25,78"
Chinavita,2009,33.47,"27,41"
Chinavita,2010,34.99,"28,20"
Chinavita,2011,33.35,"25,41"
Chinavita,2012,31.93,"26,35"
Chinavita,2013,33.77,"26,71"
Chinavita,2014,33.31,"28,00"
Chinavita,2015,35.15,"27,23"
Chinavita,2016,37.41,"27,01"
Chinavita,2017,33.25,"26,92"
Chinavita,2018,33.39,"27,19"
Chinavita,2019,36.43,"27,35"
Chinavita,2020,34.89,"27,53"
Chinavita,2021,32.31,"27,14"
Chiquinquirá,2001,38.41,"27,69"
Chiquinquirá,2002,40.63,"27,87"
Chiquinquirá,2003,36.25,"25,66"
Chiquinquirá,2004,36.25,"25,80"
Chiquinquirá,2005,36.31,"25,38"
Chiquinquirá,2006,36.21,"25,78"
Chiquinquirá,2007,34.71,"25,34"
Chiquinquirá,2008,33.99,"27,63"
Chiquinquirá,2009,33.49,"25,48"
Chiquinquirá,2010,37.29,"26,47"
Chiquinquirá,2011,32.27,"25,07"
Chiquinquirá,2012,32.59,"25,97"
Chiquinquirá,2013,37.55,"25,93"
Chiquinquirá,2014,33.29,"25,22"
Chiquinquirá,2015,39.21,"26,74"
Chiquinquirá,2016,42.55,"28,05"
Chiquinquirá,2017,34.47,"26,64"
Chiquinquirá,2018,32.31,"27,13"
Chiquinquirá,2019,35.17,"26,18"
Chiquinquirá,2020,36.65,"26,92"
Chiquinquirá,2021,31.91,"27,04"
Chíquiza,2001,37.45,"29,77"
Chíquiza,2002,37.87,"30,07"
Chíquiza,2003,40.47,"28,65"
Chíquiza,2004,40.47,"27,73"
Chíquiza,2005,38.27,"27,26"
Chíquiza,2006,35.85,"26,96"
Chíquiza,2007,35.11,"27,78"
Chíquiza,2008,34.85,"23,86"
Chíquiza,2009,34.65,"27,85"
Chíquiza,2010,39.35,"27,61"
Chíquiza,2011,34.49,"26,01"
Chíquiza,2012,33.65,"26,82"
Chíquiza,2013,36.27,"27,39"
Chíquiza,2014,36.21,"28,14"
Chíquiza,2015,39.45,"27,97"
Chíquiza,2016,39.95,"28,70"
Chíquiza,2017,36.07,"23,21"
Chíquiza,2018,35.23,"24,10"
Chíquiza,2019,36.75,"27,44"
Chíquiza,2020,37.89,"25,86"
Chíquiza,2021,34.81,"27,48"
Chiscas,2001,40.43,"30,11"
Chiscas,2002,42.75,"29,22"
Chiscas,2003,41.79,"28,27"
Chiscas,2004,41.79,"28,37"
Chiscas,2005,41.25,"28,83"
Chiscas,2006,39.99,"28,21"
Chiscas,2007,37.59,"27,93"
Chiscas,2008,37.21,"24,18"
Chiscas,2009,38.07,"28,88"
Chiscas,2010,41.41,"27,53"
Chiscas,2011,35.89,"25,29"
Chiscas,2012,36.43,"27,50"
Chiscas,2013,37.49,"28,03"
Chiscas,2014,37.63,"29,08"
Chiscas,2015,40.49,"31,00"
Chiscas,2016,41.77,"29,36"
Chiscas,2017,37.73,"25,20"
Chiscas,2018,38.37,"25,44"
Chiscas,2019,37.17,"27,38"
Chiscas,2020,39.47,"27,05"
Chiscas,2021,38.35,"30,64"
Chita,2001,42.79,"30,92"
Chita,2002,42.85,"31,31"
Chita,2003,41.25,"30,13"
Chita,2004,41.25,"29,49"
Chita,2005,41.49,"28,69"
Chita,2006,40.97,"29,12"
Chita,2007,40.29,"31,23"
Chita,2008,38.49,"27,11"
Chita,2009,40.29,"30,74"
Chita,2010,40.71,"28,65"
Chita,2011,36.89,"27,59"
Chita,2012,38.61,"28,90"
Chita,2013,40.11,"30,61"
Chita,2014,41.07,"30,18"
Chita,2015,42.87,"31,52"
Chita,2016,42.23,"30,44"
Chita,2017,38.75,"26,70"
Chita,2018,37.81,"26,92"
Chita,2019,40.35,"28,86"
Chita,2020,39.75,"28,65"
Chita,2021,38.51,"31,15"
Chitaraque,2001,32.13,"26,87"
Chitaraque,2002,33.01,"27,27"
Chitaraque,2003,33.55,"26,73"
Chitaraque,2004,33.55,"26,90"
Chitaraque,2005,33.83,"26,32"
Chitaraque,2006,32.85,"26,49"
Chitaraque,2007,30.89,"26,65"
Chitaraque,2008,30.51,"29,60"
Chitaraque,2009,31.07,"26,34"
Chitaraque,2010,32.57,"26,57"
Chitaraque,2011,30.89,"26,01"
Chitaraque,2012,32.71,"26,37"
Chitaraque,2013,32.03,"26,65"
Chitaraque,2014,31.93,"26,89"
Chitaraque,2015,33.83,"27,32"
Chitaraque,2016,34.21,"26,81"
Chitaraque,2017,30.95,"29,05"
Chitaraque,2018,35.01,"28,11"
Chitaraque,2019,32.23,"26,62"
Chitaraque,2020,33.93,"30,36"
Chitaraque,2021,30.79,"26,81"
Chivatá,2001,40.77,"30,75"
Chivatá,2002,42.63,"30,48"
Chivatá,2003,41.57,"28,13"
Chivatá,2004,41.57,"27,17"
Chivatá,2005,41.35,"27,43"
Chivatá,2006,34.75,"26,01"
Chivatá,2007,40.29,"26,75"
Chivatá,2008,36.73,"26,18"
Chivatá,2009,36.69,"25,68"
Chivatá,2010,40.75,"29,22"
Chivatá,2011,32.85,"22,94"
Chivatá,2012,39.17,"27,14"
Chivatá,2013,39.61,"28,32"
Chivatá,2014,41.89,"28,79"
Chivatá,2015,40.89,"30,33"
Chivatá,2016,45.43,"27,75"
Chivatá,2017,38.87,"26,34"
Chivatá,2018,41.07,"26,57"
Chivatá,2019,39.85,"27,51"
Chivatá,2020,40.33,"26,65"
Chivatá,2021,36.01,"30,11"
Chivor,2001,33.43,"26,61"
Chivor,2002,32.69,"25,89"
Chivor,2003,33.57,"26,24"
Chivor,2004,33.57,"26,93"
Chivor,2005,32.57,"25,94"
Chivor,2006,32.11,"25,91"
Chivor,2007,35.19,"26,49"
Chivor,2008,31.31,"24,84"
Chivor,2009,30.15,"25,78"
Chivor,2010,34.03,"27,28"
Chivor,2011,30.75,"25,84"
Chivor,2012,30.57,"25,51"
Chivor,2013,30.77,"25,57"
Chivor,2014,30.07,"25,87"
Chivor,2015,31.45,"25,61"
Chivor,2016,31.63,"26,00"
Chivor,2017,28.69,"26,41"
Chivor,2018,30.03,"26,30"
Chivor,2019,33.43,"25,40"
Chivor,2020,34.67,"29,31"
Chivor,2021,29.25,"26,07"
Ciénega,2001,35.37,"26,32"
Ciénega,2002,33.57,"25,37"
Ciénega,2003,34.35,"25,65"
Ciénega,2004,34.35,"25,57"
Ciénega,2005,35.65,"25,34"
Ciénega,2006,32.67,"24,65"
Ciénega,2007,35.17,"25,27"
Ciénega,2008,31.95,"25,70"
Ciénega,2009,31.03,"24,15"
Ciénega,2010,34.79,"25,67"
Ciénega,2011,32.11,"23,39"
Ciénega,2012,29.47,"23,87"
Ciénega,2013,33.25,"24,87"
Ciénega,2014,32.41,"24,23"
Ciénega,2015,34.11,"24,67"
Ciénega,2016,37.35,"26,19"
Ciénega,2017,32.63,"24,51"
Ciénega,2018,32.25,"25,32"
Ciénega,2019,33.47,"23,96"
Ciénega,2020,31.99,"26,08"
Ciénega,2021,29.31,"24,05"
Cómbita,2001,40.77,"30,62"
Cómbita,2002,44.41,"29,33"
Cómbita,2003,40.73,"28,33"
Cómbita,2004,40.73,"28,53"
Cómbita,2005,40.27,"27,70"
Cómbita,2006,35.57,"26,94"
Cómbita,2007,39.17,"27,27"
Cómbita,2008,37.45,"27,18"
Cómbita,2009,37.85,"27,38"
Cómbita,2010,39.19,"27,79"
Cómbita,2011,33.17,"24,49"
Cómbita,2012,36.01,"26,87"
Cómbita,2013,38.97,"28,55"
Cómbita,2014,42.37,"29,03"
Cómbita,2015,42.19,"31,38"
Cómbita,2016,45.49,"28,27"
Cómbita,2017,35.19,"26,56"
Cómbita,2018,38.21,"26,75"
Cómbita,2019,39.23,"27,90"
Cómbita,2020,41.93,"27,81"
Cómbita,2021,36.33,"30,22"
Coper,2001,35.09,"27,63"
Coper,2002,35.57,"27,45"
Coper,2003,32.45,"27,28"
Coper,2004,32.45,"27,19"
Coper,2005,32.41,"26,75"
Coper,2006,33.77,"27,11"
Coper,2007,31.77,"26,89"
Coper,2008,29.85,"25,14"
Coper,2009,32.85,"26,72"
Coper,2010,30.35,"27,14"
Coper,2011,31.09,"26,07"
Coper,2012,34.27,"26,31"
Coper,2013,31.71,"27,39"
Coper,2014,37.73,"26,81"
Coper,2015,37.65,"27,32"
Coper,2016,33.57,"27,05"
Coper,2017,30.41,"24,26"
Coper,2018,34.57,"23,33"
Coper,2019,34.79,"26,72"
Coper,2020,32.45,"24,80"
Coper,2021,30.25,"26,87"
Corrales,2001,44.69,"32,53"
Corrales,2002,42.71,"31,29"
Corrales,2003,42.01,"29,65"
Corrales,2004,42.01,"28,52"
Corrales,2005,40.41,"29,83"
Corrales,2006,40.01,"28,82"
Corrales,2007,40.03,"30,44"
Corrales,2008,40.21,"26,22"
Corrales,2009,40.49,"28,88"
Corrales,2010,39.65,"28,31"
Corrales,2011,35.57,"25,97"
Corrales,2012,37.69,"28,36"
Corrales,2013,38.93,"30,01"
Corrales,2014,39.47,"30,08"
Corrales,2015,40.97,"30,37"
Corrales,2016,41.35,"30,58"
Corrales,2017,38.31,"26,46"
Corrales,2018,38.11,"26,55"
Corrales,2019,39.61,"29,15"
Corrales,2020,39.41,"26,41"
Corrales,2021,39.91,"31,99"
Covarachá,2001,45.69,"35,73"
Covarachá,2002,46.65,"36,08"
Covarachá,2003,45.47,"33,28"
Covarachá,2004,45.47,"33,59"
Covarachá,2005,46.19,"32,85"
Covarachá,2006,44.65,"34,05"
Covarachá,2007,43.87,"34,03"
Covarachá,2008,42.97,"28,56"
Covarachá,2009,43.19,"34,59"
Covarachá,2010,46.81,"32,71"
Covarachá,2011,40.15,"30,84"
Covarachá,2012,41.75,"33,63"
Covarachá,2013,46.19,"33,28"
Covarachá,2014,45.65,"35,09"
Covarachá,2015,45.55,"35,81"
Covarachá,2016,46.81,"35,88"
Covarachá,2017,43.01,"27,62"
Covarachá,2018,44.57,"27,90"
Covarachá,2019,43.97,"33,83"
Covarachá,2020,45.61,"29,98"
Covarachá,2021,42.59,"34,93"
Cubará,2001,40.03,"30,91"
Cubará,2002,35.81,"30,11"
Cubará,2003,38.55,"30,96"
Cubará,2004,38.55,"30,65"
Cubará,2005,36.61,"30,83"
Cubará,2006,35.31,"30,61"
Cubará,2007,39.49,"31,37"
Cubará,2008,39.93,"26,25"
Cubará,2009,34.63,"31,09"
Cubará,2010,39.79,"32,01"
Cubará,2011,39.99,"31,43"
Cubará,2012,36.01,"31,91"
Cubará,2013,36.19,"31,47"
Cubará,2014,36.33,"31,65"
Cubará,2015,38.51,"32,05"
Cubará,2016,39.31,"31,77"
Cubará,2017,38.15,"25,73"
Cubará,2018,33.27,"24,94"
Cubará,2019,39.35,"30,75"
Cubará,2020,38.39,"26,79"
Cubará,2021,34.29,"32,12"
Cucaita,2001,37.77,"28,04"
Cucaita,2002,38.79,"28,25"
Cucaita,2003,36.79,"26,43"
Cucaita,2004,36.79,"25,81"
Cucaita,2005,36.71,"26,16"
Cucaita,2006,33.57,"25,05"
Cucaita,2007,34.87,"25,85"
Cucaita,2008,33.99,"30,21"
Cucaita,2009,34.69,"26,41"
Cucaita,2010,37.15,"25,98"
Cucaita,2011,32.75,"23,43"
Cucaita,2012,32.51,"25,82"
Cucaita,2013,37.01,"26,28"
Cucaita,2014,36.63,"27,17"
Cucaita,2015,37.31,"29,04"
Cucaita,2016,39.15,"27,24"
Cucaita,2017,35.99,"31,31"
Cucaita,2018,35.55,"30,09"
Cucaita,2019,34.17,"25,61"
Cucaita,2020,36.73,"30,89"
Cucaita,2021,36.47,"28,45"
Cuítiva,2001,39.35,"29,29"
Cuítiva,2002,39.43,"29,58"
Cuítiva,2003,38.25,"27,53"
Cuítiva,2004,38.25,"26,42"
Cuítiva,2005,38.15,"26,64"
Cuítiva,2006,35.33,"25,81"
Cuítiva,2007,36.71,"27,24"
Cuítiva,2008,34.37,"33,31"
Cuítiva,2009,36.45,"26,71"
Cuítiva,2010,37.47,"27,03"
Cuítiva,2011,33.89,"23,28"
Cuítiva,2012,35.91,"26,31"
Cuítiva,2013,36.11,"27,28"
Cuítiva,2014,36.57,"27,11"
Cuítiva,2015,36.95,"26,71"
Cuítiva,2016,38.53,"27,03"
Cuítiva,2017,36.17,"33,07"
Cuítiva,2018,34.49,"33,17"
Cuítiva,2019,36.49,"26,89"
Cuítiva,2020,38.37,"34,56"
Cuítiva,2021,34.19,"27,05"
Duitama,2001,41.55,"30,04"
Duitama,2002,39.73,"29,87"
Duitama,2003,40.35,"29,70"
Duitama,2004,40.35,"29,02"
Duitama,2005,37.01,"28,27"
Duitama,2006,37.89,"27,53"
Duitama,2007,37.69,"27,94"
Duitama,2008,37.93,"27,86"
Duitama,2009,37.07,"29,20"
Duitama,2010,38.05,"29,45"
Duitama,2011,34.97,"26,15"
Duitama,2012,35.83,"28,15"
Duitama,2013,37.25,"29,47"
Duitama,2014,36.93,"28,79"
Duitama,2015,39.23,"30,15"
Duitama,2016,42.53,"29,60"
Duitama,2017,36.29,"25,24"
Duitama,2018,38.23,"25,17"
Duitama,2019,36.63,"28,48"
Duitama,2020,37.71,"27,30"
Duitama,2021,36.85,"29,63"
El Cocuy,2001,36.85,"26,55"
El Cocuy,2002,40.93,"25,27"
El Cocuy,2003,37.93,"25,27"
El Cocuy,2004,37.93,"24,07"
El Cocuy,2005,36.03,"25,04"
El Cocuy,2006,36.99,"24,41"
El Cocuy,2007,36.91,"25,95"
El Cocuy,2008,34.87,"23,37"
El Cocuy,2009,33.01,"24,88"
El Cocuy,2010,39.77,"25,31"
El Cocuy,2011,34.27,"22,09"
El Cocuy,2012,33.07,"24,50"
El Cocuy,2013,35.15,"24,51"
El Cocuy,2014,34.15,"24,46"
El Cocuy,2015,37.39,"25,53"
El Cocuy,2016,38.33,"25,33"
El Cocuy,2017,31.93,"27,68"
El Cocuy,2018,33.53,"27,62"
El Cocuy,2019,35.53,"23,29"
El Cocuy,2020,37.37,"29,49"
El Cocuy,2021,32.01,"25,09"
El Espino,2001,39.59,"30,69"
El Espino,2002,42.45,"30,07"
El Espino,2003,41.91,"29,34"
El Espino,2004,41.91,"29,14"
El Espino,2005,41.59,"29,13"
El Espino,2006,39.09,"29,00"
El Espino,2007,38.53,"28,41"
El Espino,2008,37.93,"28,06"
El Espino,2009,38.31,"29,63"
El Espino,2010,41.17,"27,59"
El Espino,2011,35.95,"26,13"
El Espino,2012,37.57,"28,56"
El Espino,2013,39.19,"28,98"
El Espino,2014,39.13,"30,10"
El Espino,2015,40.95,"31,09"
El Espino,2016,41.13,"29,84"
El Espino,2017,36.93,"23,49"
El Espino,2018,37.85,"23,58"
El Espino,2019,36.95,"28,34"
El Espino,2020,39.95,"24,87"
El Espino,2021,37.35,"30,84"
Firavitoba,2001,42.93,"32,42"
Firavitoba,2002,42.47,"33,15"
Firavitoba,2003,43.61,"30,49"
Firavitoba,2004,43.61,"29,15"
Firavitoba,2005,41.51,"29,18"
Firavitoba,2006,39.51,"27,60"
Firavitoba,2007,39.05,"29,40"
Firavitoba,2008,37.89,"28,31"
Firavitoba,2009,39.97,"29,24"
Firavitoba,2010,42.75,"28,39"
Firavitoba,2011,36.91,"25,14"
Firavitoba,2012,37.53,"27,87"
Firavitoba,2013,39.27,"29,62"
Firavitoba,2014,40.83,"29,36"
Firavitoba,2015,41.99,"30,92"
Firavitoba,2016,45.65,"29,68"
Firavitoba,2017,37.01,"27,24"
Firavitoba,2018,39.23,"27,69"
Firavitoba,2019,40.73,"28,37"
Firavitoba,2020,42.57,"29,17"
Firavitoba,2021,35.83,"29,59"
Floresta,2001,42.87,"33,18"
Floresta,2002,46.63,"30,81"
Floresta,2003,40.27,"28,15"
Floresta,2004,40.27,"27,75"
Floresta,2005,38.97,"28,41"
Floresta,2006,38.09,"26,62"
Floresta,2007,40.21,"28,21"
Floresta,2008,40.27,"27,07"
Floresta,2009,38.01,"27,61"
Floresta,2010,39.51,"27,72"
Floresta,2011,33.29,"24,76"
Floresta,2012,36.41,"26,81"
Floresta,2013,39.41,"29,05"
Floresta,2014,41.69,"29,46"
Floresta,2015,43.41,"31,37"
Floresta,2016,44.53,"29,57"
Floresta,2017,35.23,"26,53"
Floresta,2018,40.59,"27,55"
Floresta,2019,38.97,"27,92"
Floresta,2020,39.55,"29,23"
Floresta,2021,37.33,"30,42"
Gachantivá,2001,38.11,"29,55"
Gachantivá,2002,38.77,"29,37"
Gachantivá,2003,38.85,"28,80"
Gachantivá,2004,38.85,"29,02"
Gachantivá,2005,37.01,"28,05"
Gachantivá,2006,38.31,"27,31"
Gachantivá,2007,35.63,"27,53"
Gachantivá,2008,37.21,"26,49"
Gachantivá,2009,37.25,"28,21"
Gachantivá,2010,36.53,"28,16"
Gachantivá,2011,33.59,"26,19"
Gachantivá,2012,39.15,"27,99"
Gachantivá,2013,39.73,"28,35"
Gachantivá,2014,36.65,"27,98"
Gachantivá,2015,40.47,"30,05"
Gachantivá,2016,41.81,"29,46"
Gachantivá,2017,36.79,"26,28"
Gachantivá,2018,35.21,"26,81"
Gachantivá,2019,34.87,"28,32"
Gachantivá,2020,38.81,"27,52"
Gachantivá,2021,32.61,"28,01"
Gámeza,2001,40.17,"30,26"
Gámeza,2002,39.73,"30,03"
Gámeza,2003,39.41,"28,45"
Gámeza,2004,39.41,"26,95"
Gámeza,2005,37.53,"27,47"
Gámeza,2006,37.63,"26,34"
Gámeza,2007,36.93,"28,99"
Gámeza,2008,37.29,"26,47"
Gámeza,2009,35.79,"27,75"
Gámeza,2010,37.21,"25,62"
Gámeza,2011,34.21,"24,18"
Gámeza,2012,34.27,"26,50"
Gámeza,2013,37.33,"28,36"
Gámeza,2014,38.59,"29,18"
Gámeza,2015,38.93,"29,43"
Gámeza,2016,39.63,"27,93"
Gámeza,2017,36.01,"25,33"
Gámeza,2018,36.01,"24,77"
Gámeza,2019,36.43,"26,95"
Gámeza,2020,37.05,"26,00"
Gámeza,2021,34.65,"27,93"
Garagoa,2001,39.27,"29,65"
Garagoa,2002,37.39,"28,93"
Garagoa,2003,36.79,"29,10"
Garagoa,2004,36.79,"28,63"
Garagoa,2005,37.41,"28,16"
Garagoa,2006,35.35,"28,43"
Garagoa,2007,40.73,"28,04"
Garagoa,2008,38.07,"28,73"
Garagoa,2009,36.07,"28,99"
Garagoa,2010,37.55,"29,35"
Garagoa,2011,36.03,"27,53"
Garagoa,2012,33.77,"28,14"
Garagoa,2013,36.05,"27,93"
Garagoa,2014,36.39,"28,85"
Garagoa,2015,39.23,"28,79"
Garagoa,2016,38.61,"28,03"
Garagoa,2017,34.37,"26,81"
Garagoa,2018,34.69,"27,12"
Garagoa,2019,37.83,"29,59"
Garagoa,2020,38.85,"29,02"
Garagoa,2021,35.61,"29,61"
Guacamayas,2001,39.05,"30,07"
Guacamayas,2002,40.15,"28,90"
Guacamayas,2003,39.65,"28,18"
Guacamayas,2004,39.65,"27,74"
Guacamayas,2005,40.67,"27,90"
Guacamayas,2006,35.91,"27,61"
Guacamayas,2007,36.37,"27,29"
Guacamayas,2008,37.07,"27,98"
Guacamayas,2009,36.81,"29,06"
Guacamayas,2010,41.21,"27,25"
Guacamayas,2011,35.37,"25,36"
Guacamayas,2012,34.15,"27,52"
Guacamayas,2013,37.51,"28,06"
Guacamayas,2014,40.77,"28,86"
Guacamayas,2015,38.93,"29,76"
Guacamayas,2016,40.13,"28,96"
Guacamayas,2017,33.57,"26,43"
Guacamayas,2018,35.53,"27,98"
Guacamayas,2019,35.83,"27,28"
Guacamayas,2020,37.97,"28,87"
Guacamayas,2021,34.91,"28,25"
Guateque,2001,37.49,"30,42"
Guateque,2002,36.59,"30,43"
Guateque,2003,37.37,"29,47"
Guateque,2004,37.37,"29,55"
Guateque,2005,38.51,"28,74"
Guateque,2006,36.15,"28,87"
Guateque,2007,39.43,"28,99"
Guateque,2008,36.65,"28,67"
Guateque,2009,36.89,"29,03"
Guateque,2010,37.77,"30,15"
Guateque,2011,37.07,"28,09"
Guateque,2012,33.83,"28,49"
Guateque,2013,34.23,"28,44"
Guateque,2014,36.23,"29,24"
Guateque,2015,38.49,"29,59"
Guateque,2016,39.37,"28,13"
Guateque,2017,34.27,"28,16"
Guateque,2018,35.45,"26,29"
Guateque,2019,37.49,"29,13"
Guateque,2020,37.39,"28,04"
Guateque,2021,35.61,"29,76"
Guayatá,2001,37.41,"28,11"
Guayatá,2002,33.55,"28,73"
Guayatá,2003,34.41,"27,86"
Guayatá,2004,34.41,"27,85"
Guayatá,2005,35.07,"27,11"
Guayatá,2006,33.07,"27,31"
Guayatá,2007,35.97,"27,27"
Guayatá,2008,35.35,"27,17"
Guayatá,2009,32.27,"27,89"
Guayatá,2010,33.79,"28,08"
Guayatá,2011,32.59,"26,33"
Guayatá,2012,30.27,"26,90"
Guayatá,2013,32.07,"26,63"
Guayatá,2014,33.21,"27,24"
Guayatá,2015,36.41,"27,83"
Guayatá,2016,35.91,"26,75"
Guayatá,2017,31.77,"25,88"
Guayatá,2018,33.25,"28,40"
Guayatá,2019,35.75,"27,17"
Guayatá,2020,33.23,"29,73"
Guayatá,2021,32.67,"28,06"
Güicán,2001,38.57,"28,20"
Güicán,2002,39.81,"28,05"
Güicán,2003,40.81,"26,13"
Güicán,2004,40.81,"25,39"
Güicán,2005,38.03,"26,42"
Güicán,2006,38.71,"25,80"
Güicán,2007,35.87,"25,51"
Güicán,2008,35.93,"25,15"
Güicán,2009,35.33,"26,62"
Güicán,2010,38.15,"25,65"
Güicán,2011,36.49,"23,50"
Güicán,2012,34.09,"25,99"
Güicán,2013,35.01,"26,41"
Güicán,2014,34.79,"25,66"
Güicán,2015,34.89,"27,55"
Güicán,2016,38.57,"27,09"
Güicán,2017,35.07,"26,51"
Güicán,2018,35.91,"27,29"
Güicán,2019,40.01,"25,38"
Güicán,2020,37.21,"29,67"
Güicán,2021,35.93,"27,47"
Iza,2001,40.79,"30,27"
Iza,2002,38.49,"30,10"
Iza,2003,39.55,"28,64"
Iza,2004,39.55,"27,02"
Iza,2005,38.29,"27,56"
Iza,2006,34.81,"25,92"
Iza,2007,36.01,"27,15"
Iza,2008,35.91,"26,77"
Iza,2009,36.05,"26,68"
Iza,2010,38.05,"26,78"
Iza,2011,32.57,"24,17"
Iza,2012,36.29,"27,20"
Iza,2013,36.75,"28,03"
Iza,2014,37.83,"27,50"
Iza,2015,36.69,"28,45"
Iza,2016,40.97,"26,89"
Iza,2017,33.99,"25,46"
Iza,2018,36.41,"26,71"
Iza,2019,35.83,"26,47"
Iza,2020,39.29,"27,72"
Iza,2021,33.23,"26,64"
Jenesano,2001,39.07,"27,41"
Jenesano,2002,37.01,"26,93"
Jenesano,2003,37.49,"26,83"
Jenesano,2004,37.49,"27,07"
Jenesano,2005,38.41,"26,49"
Jenesano,2006,36.11,"26,22"
Jenesano,2007,37.75,"26,23"
Jenesano,2008,35.95,"25,62"
Jenesano,2009,33.97,"25,45"
Jenesano,2010,37.77,"26,92"
Jenesano,2011,34.09,"24,01"
Jenesano,2012,31.87,"24,58"
Jenesano,2013,36.77,"25,89"
Jenesano,2014,36.03,"26,05"
Jenesano,2015,38.59,"25,91"
Jenesano,2016,41.07,"26,59"
Jenesano,2017,35.11,"26,02"
Jenesano,2018,35.05,"26,60"
Jenesano,2019,36.47,"25,63"
Jenesano,2020,36.15,"26,91"
Jenesano,2021,33.41,"27,33"
Jericó,2001,44.29,"34,27"
Jericó,2002,46.19,"36,00"
Jericó,2003,44.31,"34,46"
Jericó,2004,44.31,"33,48"
Jericó,2005,43.79,"33,51"
Jericó,2006,43.07,"31,90"
Jericó,2007,43.75,"33,97"
Jericó,2008,41.77,"33,20"
Jericó,2009,44.67,"33,92"
Jericó,2010,45.01,"31,92"
Jericó,2011,42.01,"30,27"
Jericó,2012,42.35,"33,19"
Jericó,2013,43.95,"33,29"
Jericó,2014,44.93,"32,52"
Jericó,2015,45.31,"34,29"
Jericó,2016,45.07,"33,79"
Jericó,2017,41.51,"32,22"
Jericó,2018,42.03,"25,11"
Jericó,2019,42.09,"32,05"
Jericó,2020,43.75,"26,39"
Jericó,2021,42.59,"33,19"
La Capilla,2001,33.63,"26,25"
La Capilla,2002,32.65,"26,69"
La Capilla,2003,33.57,"26,51"
La Capilla,2004,33.57,"26,83"
La Capilla,2005,35.11,"26,32"
La Capilla,2006,31.75,"26,41"
La Capilla,2007,36.21,"26,44"
La Capilla,2008,32.13,"25,81"
La Capilla,2009,33.27,"25,99"
La Capilla,2010,34.05,"27,11"
La Capilla,2011,32.29,"25,22"
La Capilla,2012,30.05,"25,67"
La Capilla,2013,31.35,"25,88"
La Capilla,2014,31.05,"26,49"
La Capilla,2015,35.61,"26,81"
La Capilla,2016,35.31,"26,28"
La Capilla,2017,30.53,"24,97"
La Capilla,2018,30.65,"32,59"
La Capilla,2019,34.55,"26,63"
La Capilla,2020,33.55,"33,69"
La Capilla,2021,31.07,"26,81"
La Uvita,2001,42.95,"34,39"
La Uvita,2002,43.53,"34,59"
La Uvita,2003,42.19,"32,94"
La Uvita,2004,42.19,"32,53"
La Uvita,2005,43.07,"32,95"
La Uvita,2006,41.73,"31,42"
La Uvita,2007,41.75,"33,00"
La Uvita,2008,39.75,"32,33"
La Uvita,2009,42.09,"33,37"
La Uvita,2010,42.59,"30,93"
La Uvita,2011,39.99,"29,94"
La Uvita,2012,41.23,"32,23"
La Uvita,2013,44.23,"32,67"
La Uvita,2014,42.79,"32,34"
La Uvita,2015,44.51,"33,73"
La Uvita,2016,44.27,"34,17"
La Uvita,2017,40.67,"31,68"
La Uvita,2018,41.21,"25,60"
La Uvita,2019,41.15,"31,77"
La Uvita,2020,42.23,"26,07"
La Uvita,2021,40.65,"32,97"
La Victoria,2001,32.37,"26,43"
La Victoria,2002,31.85,"25,43"
La Victoria,2003,30.65,"25,96"
La Victoria,2004,30.65,"25,13"
La Victoria,2005,31.01,"25,92"
La Victoria,2006,31.33,"25,55"
La Victoria,2007,30.33,"25,67"
La Victoria,2008,28.59,"24,69"
La Victoria,2009,29.91,"25,51"
La Victoria,2010,31.25,"25,66"
La Victoria,2011,28.83,"25,15"
La Victoria,2012,31.87,"25,45"
La Victoria,2013,31.19,"25,54"
La Victoria,2014,32.37,"25,31"
La Victoria,2015,33.79,"26,65"
La Victoria,2016,32.11,"25,79"
La Victoria,2017,29.61,"24,91"
La Victoria,2018,33.19,"32,05"
La Victoria,2019,31.67,"25,59"
La Victoria,2020,30.89,"32,93"
La Victoria,2021,28.53,"25,11"
Labranzagrande,2001,39.67,"28,69"
Labranzagrande,2002,37.63,"28,23"
Labranzagrande,2003,35.45,"28,51"
Labranzagrande,2004,35.45,"27,83"
Labranzagrande,2005,37.23,"28,13"
Labranzagrande,2006,36.59,"27,87"
Labranzagrande,2007,38.25,"29,11"
Labranzagrande,2008,37.21,"27,77"
Labranzagrande,2009,36.69,"29,23"
Labranzagrande,2010,37.59,"28,84"
Labranzagrande,2011,36.83,"27,70"
Labranzagrande,2012,35.35,"28,66"
Labranzagrande,2013,34.73,"28,01"
Labranzagrande,2014,36.05,"29,44"
Labranzagrande,2015,37.99,"29,21"
Labranzagrande,2016,36.69,"28,61"
Labranzagrande,2017,35.53,"27,57"
Labranzagrande,2018,35.59,"25,13"
Labranzagrande,2019,38.85,"28,45"
Labranzagrande,2020,38.27,"25,27"
Labranzagrande,2021,36.09,"29,62"
Macanal,2001,37.17,"28,19"
Macanal,2002,34.91,"28,18"
Macanal,2003,35.31,"28,07"
Macanal,2004,35.31,"27,94"
Macanal,2005,34.89,"27,26"
Macanal,2006,33.89,"27,56"
Macanal,2007,37.89,"27,04"
Macanal,2008,34.67,"27,70"
Macanal,2009,34.53,"27,45"
Macanal,2010,36.13,"28,45"
Macanal,2011,35.37,"26,82"
Macanal,2012,33.03,"27,61"
Macanal,2013,34.03,"26,73"
Macanal,2014,34.37,"27,90"
Macanal,2015,36.59,"27,57"
Macanal,2016,36.19,"26,71"
Macanal,2017,33.35,"26,33"
Macanal,2018,33.85,"29,18"
Macanal,2019,36.29,"28,63"
Macanal,2020,38.13,"29,07"
Macanal,2021,34.33,"28,30"
Maripí,2001,35.97,"29,19"
Maripí,2002,35.43,"29,04"
Maripí,2003,35.03,"28,60"
Maripí,2004,35.03,"28,64"
Maripí,2005,34.41,"27,83"
Maripí,2006,36.11,"28,15"
Maripí,2007,34.39,"28,16"
Maripí,2008,31.93,"27,03"
Maripí,2009,34.89,"28,57"
Maripí,2010,33.91,"28,10"
Maripí,2011,31.99,"27,83"
Maripí,2012,35.31,"27,85"
Maripí,2013,33.51,"28,63"
Maripí,2014,38.89,"27,92"
Maripí,2015,37.99,"29,06"
Maripí,2016,34.95,"28,55"
Maripí,2017,31.83,"27,43"
Maripí,2018,34.65,"27,12"
Maripí,2019,34.85,"27,74"
Maripí,2020,36.19,"28,38"
Maripí,2021,32.75,"27,11"
Miraflores,2001,35.93,"27,93"
Miraflores,2002,35.27,"27,60"
Miraflores,2003,33.97,"27,58"
Miraflores,2004,33.97,"27,97"
Miraflores,2005,36.35,"26,82"
Miraflores,2006,33.11,"27,52"
Miraflores,2007,35.57,"27,49"
Miraflores,2008,34.01,"27,26"
Miraflores,2009,32.23,"27,79"
Miraflores,2010,36.15,"29,06"
Miraflores,2011,32.09,"26,93"
Miraflores,2012,33.75,"26,73"
Miraflores,2013,35.83,"27,20"
Miraflores,2014,34.69,"27,53"
Miraflores,2015,36.65,"27,53"
Miraflores,2016,37.05,"27,23"
Miraflores,2017,31.49,"27,02"
Miraflores,2018,32.49,"27,49"
Miraflores,2019,37.69,"28,09"
Miraflores,2020,38.13,"27,62"
Miraflores,2021,33.33,"28,48"
Mongua,2001,38.47,"27,15"
Mongua,2002,38.95,"26,21"
Mongua,2003,36.97,"26,93"
Mongua,2004,36.97,"26,08"
Mongua,2005,35.09,"25,07"
Mongua,2006,35.69,"26,08"
Mongua,2007,36.81,"26,76"
Mongua,2008,36.37,"25,92"
Mongua,2009,34.69,"27,25"
Mongua,2010,35.77,"26,72"
Mongua,2011,33.13,"25,61"
Mongua,2012,33.65,"26,24"
Mongua,2013,32.65,"26,56"
Mongua,2014,33.97,"26,06"
Mongua,2015,37.61,"27,27"
Mongua,2016,37.41,"26,95"
Mongua,2017,33.07,"25,48"
Mongua,2018,32.77,"22,04"
Mongua,2019,35.95,"26,99"
Mongua,2020,35.87,"24,07"
Mongua,2021,34.55,"27,25"
Monguí,2001,39.37,"27,53"
Monguí,2002,39.33,"26,29"
Monguí,2003,37.21,"25,03"
Monguí,2004,37.21,"23,83"
Monguí,2005,34.13,"23,45"
Monguí,2006,35.45,"22,42"
Monguí,2007,36.61,"24,06"
Monguí,2008,32.15,"22,47"
Monguí,2009,30.53,"23,07"
Monguí,2010,35.73,"25,77"
Monguí,2011,31.63,"20,29"
Monguí,2012,31.03,"22,64"
Monguí,2013,31.85,"23,60"
Monguí,2014,36.43,"24,69"
Monguí,2015,37.41,"25,41"
Monguí,2016,38.31,"26,05"
Monguí,2017,28.75,"21,18"
Monguí,2018,30.91,"26,99"
Monguí,2019,34.77,"22,71"
Monguí,2020,33.87,"28,32"
Monguí,2021,33.81,"25,05"
Moniquirá,2001,35.17,"28,97"
Moniquirá,2002,37.49,"29,20"
Moniquirá,2003,37.61,"28,71"
Moniquirá,2004,37.61,"29,17"
Moniquirá,2005,38.77,"28,23"
Moniquirá,2006,36.95,"28,89"
Moniquirá,2007,33.87,"28,38"
Moniquirá,2008,34.19,"27,42"
Moniquirá,2009,33.47,"28,33"
Moniquirá,2010,36.15,"29,25"
Moniquirá,2011,33.71,"28,47"
Moniquirá,2012,34.43,"28,58"
Moniquirá,2013,37.09,"29,21"
Moniquirá,2014,35.63,"28,76"
Moniquirá,2015,38.41,"29,09"
Moniquirá,2016,38.15,"28,96"
Moniquirá,2017,33.83,"28,16"
Moniquirá,2018,37.77,"26,53"
Moniquirá,2019,34.73,"28,19"
Moniquirá,2020,37.27,"27,22"
Moniquirá,2021,34.87,"28,77"
Motavita,2001,39.55,"30,46"
Motavita,2002,43.59,"29,58"
Motavita,2003,39.81,"27,42"
Motavita,2004,39.81,"26,77"
Motavita,2005,40.19,"27,70"
Motavita,2006,34.39,"25,05"
Motavita,2007,38.61,"26,50"
Motavita,2008,37.25,"25,47"
Motavita,2009,36.63,"26,05"
Motavita,2010,39.25,"27,62"
Motavita,2011,33.97,"22,96"
Motavita,2012,36.25,"25,99"
Motavita,2013,38.59,"27,15"
Motavita,2014,40.27,"28,07"
Motavita,2015,41.55,"29,19"
Motavita,2016,46.95,"27,59"
Motavita,2017,35.81,"25,95"
Motavita,2018,37.65,"28,19"
Motavita,2019,37.71,"26,36"
Motavita,2020,39.57,"28,67"
Motavita,2021,36.13,"29,05"
Muzo,2001,38.69,"28,82"
Muzo,2002,37.17,"29,28"
Muzo,2003,34.25,"28,89"
Muzo,2004,34.25,"28,43"
Muzo,2005,33.31,"28,12"
Muzo,2006,36.11,"28,07"
Muzo,2007,33.93,"28,23"
Muzo,2008,31.65,"27,15"
Muzo,2009,33.99,"28,57"
Muzo,2010,33.47,"28,24"
Muzo,2011,32.93,"27,47"
Muzo,2012,35.45,"28,03"
Muzo,2013,34.45,"28,69"
Muzo,2014,38.85,"27,93"
Muzo,2015,38.61,"28,98"
Muzo,2016,34.65,"28,40"
Muzo,2017,31.77,"27,25"
Muzo,2018,35.53,"25,63"
Muzo,2019,34.65,"27,73"
Muzo,2020,37.17,"28,87"
Muzo,2021,33.87,"27,20"
Nobsa,2001,42.77,"31,37"
Nobsa,2002,41.53,"31,25"
Nobsa,2003,41.33,"29,49"
Nobsa,2004,41.33,"28,85"
Nobsa,2005,38.73,"29,13"
Nobsa,2006,38.21,"27,94"
Nobsa,2007,37.89,"29,34"
Nobsa,2008,38.47,"28,53"
Nobsa,2009,37.99,"29,04"
Nobsa,2010,37.91,"27,87"
Nobsa,2011,34.81,"25,92"
Nobsa,2012,37.11,"27,89"
Nobsa,2013,38.57,"28,81"
Nobsa,2014,38.45,"29,64"
Nobsa,2015,39.41,"30,30"
Nobsa,2016,40.15,"30,02"
Nobsa,2017,37.55,"27,44"
Nobsa,2018,36.89,"27,34"
Nobsa,2019,38.39,"28,37"
Nobsa,2020,37.45,"27,91"
Nobsa,2021,38.31,"30,44"
Nuevo Colón,2001,38.61,"28,66"
Nuevo Colón,2002,38.53,"28,56"
Nuevo Colón,2003,36.97,"27,71"
Nuevo Colón,2004,36.97,"27,60"
Nuevo Colón,2005,38.85,"27,29"
Nuevo Colón,2006,36.13,"27,79"
Nuevo Colón,2007,36.79,"27,25"
Nuevo Colón,2008,35.41,"25,85"
Nuevo Colón,2009,35.51,"26,59"
Nuevo Colón,2010,36.53,"27,61"
Nuevo Colón,2011,35.83,"24,85"
Nuevo Colón,2012,33.37,"26,23"
Nuevo Colón,2013,35.85,"26,17"
Nuevo Colón,2014,36.51,"26,41"
Nuevo Colón,2015,36.15,"27,43"
Nuevo Colón,2016,40.07,"26,76"
Nuevo Colón,2017,34.47,"26,55"
Nuevo Colón,2018,33.65,"27,69"
Nuevo Colón,2019,35.23,"26,59"
Nuevo Colón,2020,37.03,"29,41"
Nuevo Colón,2021,35.99,"28,91"
Oicatá,2001,41.67,"31,32"
Oicatá,2002,44.73,"30,01"
Oicatá,2003,42.15,"29,04"
Oicatá,2004,42.15,"28,50"
Oicatá,2005,40.47,"28,46"
Oicatá,2006,36.51,"27,08"
Oicatá,2007,40.45,"26,60"
Oicatá,2008,38.07,"25,80"
Oicatá,2009,39.59,"28,03"
Oicatá,2010,41.09,"28,64"
Oicatá,2011,32.73,"24,45"
Oicatá,2012,38.81,"27,38"
Oicatá,2013,39.77,"28,33"
Oicatá,2014,43.83,"29,07"
Oicatá,2015,42.23,"31,59"
Oicatá,2016,45.51,"28,91"
Oicatá,2017,38.35,"26,04"
Oicatá,2018,40.21,"24,86"
Oicatá,2019,39.85,"28,72"
Oicatá,2020,41.23,"27,42"
Oicatá,2021,38.87,"31,34"
Otanche,2001,33.91,"27,67"
Otanche,2002,34.35,"27,84"
Otanche,2003,32.19,"27,47"
Otanche,2004,32.19,"27,27"
Otanche,2005,34.65,"27,18"
Otanche,2006,35.17,"27,77"
Otanche,2007,31.05,"27,27"
Otanche,2008,30.07,"26,57"
Otanche,2009,31.99,"27,89"
Otanche,2010,32.17,"27,38"
Otanche,2011,30.91,"26,89"
Otanche,2012,34.47,"27,47"
Otanche,2013,32.15,"27,43"
Otanche,2014,35.33,"27,23"
Otanche,2015,34.97,"28,03"
Otanche,2016,33.05,"27,72"
Otanche,2017,31.49,"26,84"
Otanche,2018,34.05,"25,58"
Otanche,2019,32.93,"27,27"
Otanche,2020,33.31,"28,94"
Otanche,2021,30.69,"26,96"
Pachavita,2001,37.91,"27,69"
Pachavita,2002,36.19,"27,89"
Pachavita,2003,39.25,"28,15"
Pachavita,2004,39.25,"27,89"
Pachavita,2005,37.05,"27,98"
Pachavita,2006,35.03,"27,93"
Pachavita,2007,38.73,"27,36"
Pachavita,2008,35.81,"27,53"
Pachavita,2009,35.13,"28,23"
Pachavita,2010,36.47,"28,62"
Pachavita,2011,34.75,"25,98"
Pachavita,2012,32.55,"26,79"
Pachavita,2013,34.95,"27,49"
Pachavita,2014,33.95,"28,25"
Pachavita,2015,37.87,"28,01"
Pachavita,2016,38.05,"27,31"
Pachavita,2017,34.39,"27,15"
Pachavita,2018,33.95,"28,09"
Pachavita,2019,36.53,"27,75"
Pachavita,2020,36.71,"28,39"
Pachavita,2021,32.95,"28,57"
Páez,2001,36.55,"28,20"
Páez,2002,35.97,"28,03"
Páez,2003,35.05,"28,76"
Páez,2004,35.05,"28,17"
Páez,2005,35.97,"27,63"
Páez,2006,34.03,"28,29"
Páez,2007,38.55,"28,71"
Páez,2008,37.59,"27,63"
Páez,2009,33.65,"28,12"
Páez,2010,37.61,"29,41"
Páez,2011,33.75,"27,10"
Páez,2012,34.71,"27,39"
Páez,2013,34.43,"27,73"
Páez,2014,34.01,"28,59"
Páez,2015,35.39,"27,77"
Páez,2016,37.09,"27,61"
Páez,2017,32.25,"27,31"
Páez,2018,33.55,"26,72"
Páez,2019,38.67,"28,95"
Páez,2020,37.01,"27,20"
Páez,2021,33.83,"28,79"
Paipa,2001,41.35,"30,30"
Paipa,2002,42.51,"29,36"
Paipa,2003,41.29,"28,02"
Paipa,2004,41.29,"27,11"
Paipa,2005,38.81,"26,96"
Paipa,2006,36.89,"26,30"
Paipa,2007,37.85,"27,01"
Paipa,2008,36.89,"26,45"
Paipa,2009,37.57,"27,14"
Paipa,2010,40.21,"27,38"
Paipa,2011,31.69,"24,75"
Paipa,2012,35.63,"26,55"
Paipa,2013,39.17,"28,23"
Paipa,2014,39.09,"27,73"
Paipa,2015,40.09,"29,75"
Paipa,2016,45.75,"29,14"
Paipa,2017,34.89,"26,49"
Paipa,2018,37.39,"27,12"
Paipa,2019,36.81,"27,09"
Paipa,2020,37.79,"27,76"
Paipa,2021,33.67,"28,11"
Pajarito,2001,37.39,"27,87"
Pajarito,2002,35.85,"28,15"
Pajarito,2003,35.69,"28,27"
Pajarito,2004,35.69,"27,62"
Pajarito,2005,35.17,"28,07"
Pajarito,2006,35.73,"27,47"
Pajarito,2007,39.51,"28,21"
Pajarito,2008,37.05,"27,56"
Pajarito,2009,35.23,"27,78"
Pajarito,2010,38.39,"28,55"
Pajarito,2011,35.37,"27,47"
Pajarito,2012,34.35,"27,50"
Pajarito,2013,33.41,"27,65"
Pajarito,2014,34.41,"29,09"
Pajarito,2015,34.89,"28,28"
Pajarito,2016,36.05,"28,03"
Pajarito,2017,33.15,"27,27"
Pajarito,2018,34.19,"25,85"
Pajarito,2019,38.97,"27,74"
Pajarito,2020,38.71,"28,43"
Pajarito,2021,35.57,"29,47"
Panqueba,2001,38.21,"29,23"
Panqueba,2002,39.51,"28,87"
Panqueba,2003,37.91,"27,73"
Panqueba,2004,37.91,"27,09"
Panqueba,2005,39.77,"27,64"
Panqueba,2006,36.59,"27,45"
Panqueba,2007,35.41,"26,56"
Panqueba,2008,36.69,"27,08"
Panqueba,2009,37.31,"28,33"
Panqueba,2010,39.07,"27,08"
Panqueba,2011,33.01,"24,60"
Panqueba,2012,33.87,"26,80"
Panqueba,2013,36.81,"27,60"
Panqueba,2014,39.83,"27,89"
Panqueba,2015,36.13,"28,73"
Panqueba,2016,38.83,"29,04"
Panqueba,2017,34.65,"26,07"
Panqueba,2018,37.47,"27,80"
Panqueba,2019,34.93,"26,78"
Panqueba,2020,37.17,"28,16"
Panqueba,2021,34.05,"28,59"
Pauna,2001,35.13,"28,71"
Pauna,2002,36.83,"28,96"
Pauna,2003,34.55,"28,56"
Pauna,2004,34.55,"28,36"
Pauna,2005,34.45,"27,98"
Pauna,2006,36.01,"28,25"
Pauna,2007,35.69,"27,94"
Pauna,2008,31.77,"27,42"
Pauna,2009,35.57,"28,68"
Pauna,2010,33.75,"28,27"
Pauna,2011,32.37,"27,09"
Pauna,2012,34.59,"27,73"
Pauna,2013,33.55,"28,64"
Pauna,2014,34.87,"27,92"
Pauna,2015,35.93,"29,20"
Pauna,2016,34.93,"28,42"
Pauna,2017,32.41,"27,16"
Pauna,2018,34.77,"25,95"
Pauna,2019,34.85,"27,70"
Pauna,2020,36.57,"27,14"
Pauna,2021,32.81,"27,63"
Paya,2001,39.83,"30,53"
Paya,2002,38.11,"29,85"
Paya,2003,36.87,"30,95"
Paya,2004,36.87,"29,89"
Paya,2005,36.45,"30,23"
Paya,2006,37.21,"30,09"
Paya,2007,42.59,"30,80"
Paya,2008,38.39,"30,69"
Paya,2009,37.69,"30,72"
Paya,2010,40.19,"30,88"
Paya,2011,36.69,"29,71"
Paya,2012,36.91,"30,81"
Paya,2013,37.85,"30,31"
Paya,2014,38.07,"30,61"
Paya,2015,37.43,"30,73"
Paya,2016,39.09,"30,32"
Paya,2017,36.41,"29,98"
Paya,2018,36.45,"27,41"
Paya,2019,39.65,"30,28"
Paya,2020,40.03,"27,73"
Paya,2021,37.67,"30,81"
Paz De Río,2001,41.43,"30,60"
Paz De Río,2002,41.97,"30,89"
Paz De Río,2003,40.83,"28,31"
Paz De Río,2004,40.83,"28,94"
Paz De Río,2005,40.73,"28,46"
Paz De Río,2006,40.23,"28,29"
Paz De Río,2007,40.03,"29,36"
Paz De Río,2008,37.41,"27,76"
Paz De Río,2009,38.51,"28,02"
Paz De Río,2010,40.19,"28,18"
Paz De Río,2011,36.33,"24,96"
Paz De Río,2012,37.57,"27,82"
Paz De Río,2013,37.13,"29,63"
Paz De Río,2014,39.61,"28,82"
Paz De Río,2015,43.21,"30,26"
Paz De Río,2016,41.15,"29,59"
Paz De Río,2017,36.95,"27,22"
Paz De Río,2018,36.09,"30,97"
Paz De Río,2019,37.31,"26,39"
Paz De Río,2020,37.57,"30,58"
Paz De Río,2021,38.29,"28,92"
Pesca,2001,42.07,"31,77"
Pesca,2002,43.35,"31,25"
Pesca,2003,42.65,"29,00"
Pesca,2004,42.65,"28,19"
Pesca,2005,41.83,"29,20"
Pesca,2006,39.63,"26,56"
Pesca,2007,39.41,"28,53"
Pesca,2008,38.75,"27,85"
Pesca,2009,39.21,"28,07"
Pesca,2010,40.57,"29,09"
Pesca,2011,36.57,"24,73"
Pesca,2012,37.25,"27,41"
Pesca,2013,38.59,"28,51"
Pesca,2014,39.47,"29,69"
Pesca,2015,41.59,"29,99"
Pesca,2016,44.25,"29,09"
Pesca,2017,37.73,"26,65"
Pesca,2018,40.15,"26,93"
Pesca,2019,40.37,"28,35"
Pesca,2020,41.83,"27,94"
Pesca,2021,38.11,"30,51"
Pisba,2001,35.31,"27,33"
Pisba,2002,35.91,"27,01"
Pisba,2003,34.73,"27,26"
Pisba,2004,34.73,"26,33"
Pisba,2005,36.01,"27,30"
Pisba,2006,35.47,"26,55"
Pisba,2007,37.15,"27,45"
Pisba,2008,37.09,"26,15"
Pisba,2009,34.09,"27,57"
Pisba,2010,37.49,"27,33"
Pisba,2011,34.41,"26,70"
Pisba,2012,34.51,"27,29"
Pisba,2013,34.53,"26,74"
Pisba,2014,34.41,"27,64"
Pisba,2015,36.47,"27,41"
Pisba,2016,37.21,"27,30"
Pisba,2017,32.69,"27,11"
Pisba,2018,34.15,"26,44"
Pisba,2019,38.79,"27,04"
Pisba,2020,35.93,"28,86"
Pisba,2021,32.77,"27,87"
Puerto Boyacá,2001,45.99,"33,09"
Puerto Boyacá,2002,40.61,"31,48"
Puerto Boyacá,2003,40.05,"31,33"
Puerto Boyacá,2004,40.05,"31,76"
Puerto Boyacá,2005,41.03,"31,68"
Puerto Boyacá,2006,41.05,"31,67"
Puerto Boyacá,2007,42.57,"31,31"
Puerto Boyacá,2008,36.77,"30,57"
Puerto Boyacá,2009,38.59,"31,32"
Puerto Boyacá,2010,39.21,"31,47"
Puerto Boyacá,2011,40.35,"30,89"
Puerto Boyacá,2012,40.83,"31,25"
Puerto Boyacá,2013,38.33,"31,09"
Puerto Boyacá,2014,44.55,"31,62"
Puerto Boyacá,2015,42.99,"32,87"
Puerto Boyacá,2016,42.77,"31,53"
Puerto Boyacá,2017,36.77,"30,33"
Puerto Boyacá,2018,41.89,"27,68"
Puerto Boyacá,2019,41.01,"30,99"
Puerto Boyacá,2020,41.07,"27,34"
Puerto Boyacá,2021,35.93,"31,29"
Quípama,2001,37.23,"28,00"
Quípama,2002,36.25,"28,31"
Quípama,2003,33.33,"28,15"
Quípama,2004,33.33,"28,32"
Quípama,2005,33.21,"27,63"
Quípama,2006,33.69,"27,86"
Quípama,2007,33.95,"27,37"
Quípama,2008,31.03,"26,70"
Quípama,2009,32.11,"27,52"
Quípama,2010,33.05,"27,91"
Quípama,2011,31.61,"27,05"
Quípama,2012,34.47,"27,53"
Quípama,2013,33.33,"27,67"
Quípama,2014,36.75,"27,28"
Quípama,2015,36.17,"28,49"
Quípama,2016,32.83,"28,00"
Quípama,2017,31.65,"27,03"
Quípama,2018,33.95,"30,69"
Quípama,2019,34.93,"27,29"
Quípama,2020,34.81,"30,81"
Quípama,2021,32.29,"26,64"
Ramiriquí,2001,37.71,"27,79"
Ramiriquí,2002,36.73,"26,99"
Ramiriquí,2003,36.09,"26,37"
Ramiriquí,2004,36.09,"27,12"
Ramiriquí,2005,38.11,"26,07"
Ramiriquí,2006,35.07,"25,75"
Ramiriquí,2007,36.79,"26,44"
Ramiriquí,2008,32.99,"25,36"
Ramiriquí,2009,33.39,"26,24"
Ramiriquí,2010,37.31,"27,59"
Ramiriquí,2011,32.67,"24,06"
Ramiriquí,2012,31.67,"24,54"
Ramiriquí,2013,35.63,"25,60"
Ramiriquí,2014,34.73,"26,21"
Ramiriquí,2015,36.77,"26,13"
Ramiriquí,2016,40.21,"27,07"
Ramiriquí,2017,34.91,"25,90"
Ramiriquí,2018,34.11,"28,35"
Ramiriquí,2019,35.79,"25,49"
Ramiriquí,2020,35.83,"27,84"
Ramiriquí,2021,32.59,"27,08"
Ráquira,2001,39.49,"31,20"
Ráquira,2002,41.89,"31,25"
Ráquira,2003,37.89,"30,11"
Ráquira,2004,37.89,"29,60"
Ráquira,2005,38.77,"29,45"
Ráquira,2006,38.77,"28,75"
Ráquira,2007,36.11,"28,98"
Ráquira,2008,35.59,"26,99"
Ráquira,2009,37.89,"28,83"
Ráquira,2010,37.53,"28,49"
Ráquira,2011,36.79,"26,33"
Ráquira,2012,37.39,"28,52"
Ráquira,2013,38.33,"28,87"
Ráquira,2014,39.29,"28,82"
Ráquira,2015,40.25,"30,28"
Ráquira,2016,40.55,"29,90"
Ráquira,2017,36.81,"27,42"
Ráquira,2018,37.81,"26,96"
Ráquira,2019,36.71,"29,47"
Ráquira,2020,37.91,"26,95"
Ráquira,2021,35.07,"29,67"
Rondón,2001,32.65,"24,99"
Rondón,2002,31.81,"24,97"
Rondón,2003,31.43,"25,39"
Rondón,2004,31.43,"25,54"
Rondón,2005,31.79,"23,96"
Rondón,2006,30.65,"25,07"
Rondón,2007,33.99,"25,68"
Rondón,2008,30.63,"24,49"
Rondón,2009,30.93,"24,86"
Rondón,2010,33.03,"25,82"
Rondón,2011,29.63,"23,18"
Rondón,2012,29.17,"23,90"
Rondón,2013,30.49,"24,31"
Rondón,2014,31.09,"24,63"
Rondón,2015,33.63,"24,68"
Rondón,2016,32.97,"24,52"
Rondón,2017,29.69,"24,35"
Rondón,2018,30.69,"24,80"
Rondón,2019,33.35,"24,89"
Rondón,2020,32.29,"25,89"
Rondón,2021,29.53,"25,23"
Saboyá,2001,34.51,"25,40"
Saboyá,2002,36.27,"25,33"
Saboyá,2003,35.73,"25,11"
Saboyá,2004,35.73,"25,49"
Saboyá,2005,34.07,"24,22"
Saboyá,2006,34.29,"24,62"
Saboyá,2007,35.15,"23,85"
Saboyá,2008,28.83,"22,58"
Saboyá,2009,30.63,"23,83"
Saboyá,2010,33.15,"24,83"
Saboyá,2011,30.71,"22,75"
Saboyá,2012,31.83,"23,87"
Saboyá,2013,33.25,"24,05"
Saboyá,2014,32.03,"23,50"
Saboyá,2015,36.81,"25,85"
Saboyá,2016,38.57,"25,28"
Saboyá,2017,31.51,"23,63"
Saboyá,2018,30.93,"29,45"
Saboyá,2019,32.55,"24,36"
Saboyá,2020,33.89,"29,84"
Saboyá,2021,28.81,"23,81"
Sáchica,2001,41.11,"32,35"
Sáchica,2002,42.91,"32,84"
Sáchica,2003,41.55,"31,22"
Sáchica,2004,41.55,"30,47"
Sáchica,2005,39.97,"30,18"
Sáchica,2006,38.47,"29,99"
Sáchica,2007,37.15,"29,97"
Sáchica,2008,38.77,"28,58"
Sáchica,2009,39.53,"30,27"
Sáchica,2010,41.03,"29,39"
Sáchica,2011,37.51,"27,39"
Sáchica,2012,38.71,"29,72"
Sáchica,2013,41.15,"29,84"
Sáchica,2014,40.71,"29,90"
Sáchica,2015,41.29,"31,00"
Sáchica,2016,41.47,"31,51"
Sáchica,2017,38.47,"29,00"
Sáchica,2018,38.47,"23,87"
Sáchica,2019,37.75,"30,31"
Sáchica,2020,37.89,"24,42"
Sáchica,2021,36.81,"31,18"
Samacá,2001,37.59,"27,61"
Samacá,2002,38.87,"27,84"
Samacá,2003,35.85,"26,64"
Samacá,2004,35.85,"26,31"
Samacá,2005,36.73,"26,02"
Samacá,2006,33.73,"24,69"
Samacá,2007,35.33,"26,39"
Samacá,2008,32.33,"24,65"
Samacá,2009,33.85,"26,17"
Samacá,2010,36.51,"25,96"
Samacá,2011,31.69,"23,22"
Samacá,2012,32.85,"25,52"
Samacá,2013,34.73,"25,40"
Samacá,2014,36.15,"25,36"
Samacá,2015,36.67,"26,91"
Samacá,2016,39.73,"26,83"
Samacá,2017,34.15,"25,46"
Samacá,2018,32.71,"23,17"
Samacá,2019,33.01,"25,30"
Samacá,2020,33.73,"24,17"
Samacá,2021,32.97,"26,05"
San Eduardo,2001,34.27,"27,11"
San Eduardo,2002,33.65,"27,13"
San Eduardo,2003,32.77,"26,79"
San Eduardo,2004,32.77,"26,74"
San Eduardo,2005,34.71,"26,49"
San Eduardo,2006,31.23,"26,47"
San Eduardo,2007,35.11,"26,48"
San Eduardo,2008,33.93,"26,49"
San Eduardo,2009,30.71,"26,81"
San Eduardo,2010,34.75,"28,24"
San Eduardo,2011,31.45,"25,82"
San Eduardo,2012,32.69,"26,64"
San Eduardo,2013,32.41,"25,91"
San Eduardo,2014,33.15,"26,36"
San Eduardo,2015,34.17,"26,53"
San Eduardo,2016,34.73,"26,39"
San Eduardo,2017,29.97,"25,89"
San Eduardo,2018,30.75,"24,72"
San Eduardo,2019,35.73,"27,14"
San Eduardo,2020,36.21,"26,56"
San Eduardo,2021,31.77,"27,61"
San José de Pare,2001,34.23,"28,49"
San José de Pare,2002,35.97,"28,40"
San José de Pare,2003,36.05,"28,29"
San José de Pare,2004,36.05,"28,66"
San José de Pare,2005,37.75,"27,86"
San José de Pare,2006,36.35,"28,23"
San José de Pare,2007,33.79,"27,85"
San José de Pare,2008,33.05,"27,52"
San José de Pare,2009,32.01,"27,94"
San José de Pare,2010,35.65,"28,29"
San José de Pare,2011,32.73,"27,35"
San José de Pare,2012,33.15,"27,93"
San José de Pare,2013,36.01,"28,27"
San José de Pare,2014,36.93,"28,38"
San José de Pare,2015,38.67,"28,69"
San José de Pare,2016,37.97,"28,16"
San José de Pare,2017,34.65,"27,37"
San José de Pare,2018,36.57,"26,65"
San José de Pare,2019,34.21,"27,61"
San José de Pare,2020,38.43,"27,28"
San José de Pare,2021,33.91,"29,13"
San Luis de Gaceno,2001,40.93,"30,81"
San Luis de Gaceno,2002,40.01,"30,11"
San Luis de Gaceno,2003,39.49,"31,29"
San Luis de Gaceno,2004,39.49,"31,13"
San Luis de Gaceno,2005,36.21,"30,22"
San Luis de Gaceno,2006,37.15,"30,45"
San Luis de Gaceno,2007,44.25,"31,23"
San Luis de Gaceno,2008,39.81,"30,70"
San Luis de Gaceno,2009,36.91,"30,82"
San Luis de Gaceno,2010,41.93,"31,80"
San Luis de Gaceno,2011,38.31,"29,90"
San Luis de Gaceno,2012,38.03,"31,31"
San Luis de Gaceno,2013,40.17,"31,18"
San Luis de Gaceno,2014,38.77,"31,98"
San Luis de Gaceno,2015,38.61,"30,64"
San Luis de Gaceno,2016,41.43,"30,36"
San Luis de Gaceno,2017,35.13,"30,25"
San Luis de Gaceno,2018,37.07,"27,50"
San Luis de Gaceno,2019,42.35,"30,93"
San Luis de Gaceno,2020,39.65,"28,37"
San Luis de Gaceno,2021,37.11,"31,29"
San Mateo,2001,41.43,"32,79"
San Mateo,2002,41.69,"32,32"
San Mateo,2003,41.67,"30,66"
San Mateo,2004,41.67,"30,40"
San Mateo,2005,42.21,"30,76"
San Mateo,2006,40.73,"30,71"
San Mateo,2007,39.29,"30,30"
San Mateo,2008,42.43,"30,00"
San Mateo,2009,40.03,"31,72"
San Mateo,2010,41.97,"29,63"
San Mateo,2011,36.79,"27,71"
San Mateo,2012,38.57,"30,83"
San Mateo,2013,41.47,"30,84"
San Mateo,2014,40.95,"31,11"
San Mateo,2015,41.47,"33,22"
San Mateo,2016,43.17,"32,01"
San Mateo,2017,39.89,"29,69"
San Mateo,2018,38.41,"30,72"
San Mateo,2019,39.23,"30,52"
San Mateo,2020,41.57,"30,91"
San Mateo,2021,38.75,"31,65"
San Miguel de Sema,2001,32.73,"25,63"
San Miguel de Sema,2002,34.67,"24,09"
San Miguel de Sema,2003,31.91,"23,99"
San Miguel de Sema,2004,31.91,"24,10"
San Miguel de Sema,2005,31.37,"23,97"
San Miguel de Sema,2006,38.27,"23,67"
San Miguel de Sema,2007,33.47,"24,16"
San Miguel de Sema,2008,28.83,"22,29"
San Miguel de Sema,2009,29.65,"24,03"
San Miguel de Sema,2010,34.69,"25,57"
San Miguel de Sema,2011,35.95,"23,06"
San Miguel de Sema,2012,36.95,"24,06"
San Miguel de Sema,2013,33.87,"24,91"
San Miguel de Sema,2014,33.51,"23,71"
San Miguel de Sema,2015,39.03,"24,78"
San Miguel de Sema,2016,38.03,"25,51"
San Miguel de Sema,2017,30.63,"23,57"
San Miguel de Sema,2018,30.45,"29,49"
San Miguel de Sema,2019,30.25,"24,11"
San Miguel de Sema,2020,34.95,"31,34"
San Miguel de Sema,2021,28.57,"25,19"
San Pablo de Borbur,2001,34.51,"28,76"
San Pablo de Borbur,2002,36.21,"28,72"
San Pablo de Borbur,2003,34.45,"27,97"
San Pablo de Borbur,2004,34.45,"28,00"
San Pablo de Borbur,2005,33.15,"27,47"
San Pablo de Borbur,2006,34.73,"28,18"
San Pablo de Borbur,2007,34.59,"27,48"
San Pablo de Borbur,2008,30.81,"26,79"
San Pablo de Borbur,2009,36.17,"28,10"
San Pablo de Borbur,2010,32.91,"27,72"
San Pablo de Borbur,2011,31.65,"26,88"
San Pablo de Borbur,2012,34.85,"27,51"
San Pablo de Borbur,2013,33.47,"27,44"
San Pablo de Borbur,2014,35.17,"27,62"
San Pablo de Borbur,2015,35.47,"28,73"
San Pablo de Borbur,2016,35.73,"27,86"
San Pablo de Borbur,2017,31.83,"26,65"
San Pablo de Borbur,2018,34.55,"23,51"
San Pablo de Borbur,2019,33.37,"27,59"
San Pablo de Borbur,2020,35.65,"26,94"
San Pablo de Borbur,2021,33.17,"27,06"
Santa Mará,2001,38.75,"29,69"
Santa Mará,2002,36.25,"28,97"
Santa Mará,2003,37.01,"30,19"
Santa Mará,2004,37.01,"29,96"
Santa Mará,2005,33.73,"28,85"
Santa Mará,2006,33.81,"29,33"
Santa Mará,2007,40.39,"29,60"
Santa Mará,2008,36.83,"29,41"
Santa Mará,2009,33.37,"29,66"
Santa Mará,2010,39.15,"30,50"
Santa Mará,2011,34.39,"28,99"
Santa Mará,2012,36.33,"29,50"
Santa Mará,2013,34.33,"29,40"
Santa Mará,2014,35.61,"30,67"
Santa Mará,2015,34.41,"29,40"
Santa Mará,2016,37.91,"29,21"
Santa Mará,2017,33.85,"29,13"
Santa Mará,2018,33.77,"26,73"
Santa Mará,2019,39.47,"29,63"
Santa Mará,2020,38.83,"29,75"
Santa Mará,2021,34.19,"30,09"
Santa Rosa de Viterbo,2001,37.09,"28,21"
Santa Rosa de Viterbo,2002,39.03,"28,15"
Santa Rosa de Viterbo,2003,37.97,"26,72"
Santa Rosa de Viterbo,2004,37.97,"26,94"
Santa Rosa de Viterbo,2005,35.31,"26,83"
Santa Rosa de Viterbo,2006,34.73,"24,87"
Santa Rosa de Viterbo,2007,35.93,"25,84"
Santa Rosa de Viterbo,2008,34.43,"26,07"
Santa Rosa de Viterbo,2009,33.67,"27,03"
Santa Rosa de Viterbo,2010,36.29,"26,67"
Santa Rosa de Viterbo,2011,30.97,"24,08"
Santa Rosa de Viterbo,2012,33.23,"25,98"
Santa Rosa de Viterbo,2013,34.85,"26,52"
Santa Rosa de Viterbo,2014,36.27,"27,13"
Santa Rosa de Viterbo,2015,36.27,"28,25"
Santa Rosa de Viterbo,2016,39.95,"27,69"
Santa Rosa de Viterbo,2017,34.01,"25,43"
Santa Rosa de Viterbo,2018,35.67,"29,11"
Santa Rosa de Viterbo,2019,33.93,"26,35"
Santa Rosa de Viterbo,2020,35.11,"27,45"
Santa Rosa de Viterbo,2021,34.35,"27,81"
Santa Sofá,2001,38.21,"29,73"
Santa Sofá,2002,40.37,"29,12"
Santa Sofá,2003,40.27,"28,95"
Santa Sofá,2004,40.27,"28,73"
Santa Sofá,2005,37.75,"28,19"
Santa Sofá,2006,35.91,"27,11"
Santa Sofá,2007,34.89,"27,81"
Santa Sofá,2008,36.41,"26,11"
Santa Sofá,2009,36.77,"28,20"
Santa Sofá,2010,36.63,"27,98"
Santa Sofá,2011,33.71,"26,00"
Santa Sofá,2012,39.33,"28,19"
Santa Sofá,2013,38.11,"27,63"
Santa Sofá,2014,37.07,"28,13"
Santa Sofá,2015,40.71,"30,44"
Santa Sofá,2016,43.53,"29,97"
Santa Sofá,2017,34.57,"26,77"
Santa Sofá,2018,35.33,"25,48"
Santa Sofá,2019,35.21,"27,27"
Santa Sofá,2020,37.55,"28,66"
Santa Sofá,2021,32.13,"27,95"
Santana,2001,35.93,"28,42"
Santana,2002,35.97,"28,41"
Santana,2003,36.99,"28,33"
Santana,2004,36.99,"28,49"
Santana,2005,38.55,"27,92"
Santana,2006,36.25,"28,24"
Santana,2007,33.59,"28,00"
Santana,2008,33.99,"27,71"
Santana,2009,32.89,"27,75"
Santana,2010,34.39,"28,20"
Santana,2011,32.17,"27,34"
Santana,2012,32.71,"27,83"
Santana,2013,34.61,"28,32"
Santana,2014,36.61,"28,45"
Santana,2015,35.43,"28,67"
Santana,2016,38.37,"28,00"
Santana,2017,34.87,"27,52"
Santana,2018,37.07,"26,57"
Santana,2019,34.53,"27,83"
Santana,2020,38.63,"28,21"
Santana,2021,33.41,"28,86"
Sativanorte,2001,44.63,"33,90"
Sativanorte,2002,45.55,"35,56"
Sativanorte,2003,43.69,"33,00"
Sativanorte,2004,43.69,"32,49"
Sativanorte,2005,43.41,"32,41"
Sativanorte,2006,43.07,"32,68"
Sativanorte,2007,43.21,"33,53"
Sativanorte,2008,41.87,"32,23"
Sativanorte,2009,42.95,"32,85"
Sativanorte,2010,45.05,"31,58"
Sativanorte,2011,42.69,"29,95"
Sativanorte,2012,43.33,"33,56"
Sativanorte,2013,43.83,"33,25"
Sativanorte,2014,45.17,"31,36"
Sativanorte,2015,45.21,"34,23"
Sativanorte,2016,44.81,"33,31"
Sativanorte,2017,41.35,"31,86"
Sativanorte,2018,41.75,"27,63"
Sativanorte,2019,40.99,"30,60"
Sativanorte,2020,43.09,"33,44"
Sativanorte,2021,42.63,"32,63"
Sativasur,2001,42.03,"30,89"
Sativasur,2002,43.47,"31,37"
Sativasur,2003,42.41,"29,87"
Sativasur,2004,42.41,"29,47"
Sativasur,2005,42.85,"29,95"
Sativasur,2006,40.91,"28,40"
Sativasur,2007,40.23,"30,43"
Sativasur,2008,38.13,"28,86"
Sativasur,2009,39.45,"29,10"
Sativasur,2010,40.73,"28,59"
Sativasur,2011,36.95,"25,68"
Sativasur,2012,38.81,"29,86"
Sativasur,2013,41.25,"30,29"
Sativasur,2014,41.31,"29,62"
Sativasur,2015,41.97,"30,82"
Sativasur,2016,42.15,"30,77"
Sativasur,2017,37.33,"28,23"
Sativasur,2018,38.09,"31,43"
Sativasur,2019,38.39,"27,77"
Sativasur,2020,39.17,"29,31"
Sativasur,2021,37.81,"29,29"
Siachoque,2001,39.83,"29,44"
Siachoque,2002,41.77,"29,89"
Siachoque,2003,38.23,"27,87"
Siachoque,2004,38.23,"26,90"
Siachoque,2005,41.57,"27,52"
Siachoque,2006,34.25,"25,32"
Siachoque,2007,40.05,"26,91"
Siachoque,2008,37.15,"25,03"
Siachoque,2009,37.13,"25,89"
Siachoque,2010,40.79,"28,99"
Siachoque,2011,34.61,"23,48"
Siachoque,2012,35.11,"25,77"
Siachoque,2013,39.65,"28,27"
Siachoque,2014,39.85,"28,09"
Siachoque,2015,40.47,"29,59"
Siachoque,2016,44.57,"26,75"
Siachoque,2017,37.41,"24,89"
Siachoque,2018,41.39,"28,49"
Siachoque,2019,39.17,"25,63"
Siachoque,2020,40.41,"28,62"
Siachoque,2021,34.93,"28,99"
Soatá,2001,44.61,"35,69"
Soatá,2002,44.93,"35,52"
Soatá,2003,44.19,"33,62"
Soatá,2004,44.19,"32,61"
Soatá,2005,45.15,"33,64"
Soatá,2006,42.97,"31,87"
Soatá,2007,43.53,"33,20"
Soatá,2008,43.25,"31,22"
Soatá,2009,43.13,"33,47"
Soatá,2010,46.23,"31,60"
Soatá,2011,42.07,"29,69"
Soatá,2012,41.49,"31,89"
Soatá,2013,42.63,"32,49"
Soatá,2014,43.91,"33,00"
Soatá,2015,44.45,"35,42"
Soatá,2016,44.77,"34,24"
Soatá,2017,42.45,"31,91"
Soatá,2018,43.43,"25,97"
Soatá,2019,41.75,"31,22"
Soatá,2020,42.51,"32,35"
Soatá,2021,40.95,"33,23"
Socha,2001,41.65,"30,60"
Socha,2002,42.07,"31,40"
Socha,2003,40.97,"29,27"
Socha,2004,40.97,"29,55"
Socha,2005,42.57,"30,28"
Socha,2006,40.25,"28,84"
Socha,2007,39.21,"30,37"
Socha,2008,37.99,"28,88"
Socha,2009,39.03,"29,18"
Socha,2010,39.61,"28,52"
Socha,2011,36.67,"25,80"
Socha,2012,39.15,"29,31"
Socha,2013,38.85,"30,14"
Socha,2014,40.57,"29,17"
Socha,2015,41.77,"30,47"
Socha,2016,41.17,"30,85"
Socha,2017,38.19,"28,10"
Socha,2018,38.17,"31,37"
Socha,2019,38.27,"28,29"
Socha,2020,37.85,"28,75"
Socha,2021,37.51,"29,69"
Socotá,2001,41.01,"30,72"
Socotá,2002,42.15,"30,85"
Socotá,2003,41.25,"30,52"
Socotá,2004,41.25,"29,56"
Socotá,2005,41.95,"30,11"
Socotá,2006,40.41,"29,04"
Socotá,2007,39.69,"30,47"
Socotá,2008,38.45,"28,79"
Socotá,2009,39.03,"29,72"
Socotá,2010,41.75,"28,54"
Socotá,2011,36.47,"25,95"
Socotá,2012,38.83,"29,96"
Socotá,2013,41.79,"30,41"
Socotá,2014,41.09,"29,31"
Socotá,2015,41.41,"30,54"
Socotá,2016,41.89,"31,28"
Socotá,2017,37.15,"28,70"
Socotá,2018,37.97,"28,64"
Socotá,2019,37.59,"28,75"
Socotá,2020,38.91,"30,27"
Socotá,2021,37.39,"30,59"
Sogamoso,2001,42.89,"32,21"
Sogamoso,2002,40.87,"32,64"
Sogamoso,2003,41.57,"29,64"
Sogamoso,2004,41.57,"30,77"
Sogamoso,2005,38.37,"29,85"
Sogamoso,2006,37.67,"29,01"
Sogamoso,2007,38.87,"30,12"
Sogamoso,2008,38.55,"29,71"
Sogamoso,2009,37.79,"30,30"
Sogamoso,2010,40.13,"29,51"
Sogamoso,2011,36.51,"27,74"
Sogamoso,2012,36.61,"29,67"
Sogamoso,2013,38.85,"30,91"
Sogamoso,2014,39.75,"30,80"
Sogamoso,2015,40.25,"31,42"
Sogamoso,2016,41.89,"30,96"
Sogamoso,2017,36.71,"28,56"
Sogamoso,2018,38.53,"28,75"
Sogamoso,2019,38.23,"30,48"
Sogamoso,2020,42.73,"31,34"
Sogamoso,2021,37.19,"30,81"
Somondoco,2001,38.63,"30,61"
Somondoco,2002,37.09,"30,09"
Somondoco,2003,37.39,"28,91"
Somondoco,2004,37.39,"29,60"
Somondoco,2005,38.55,"28,68"
Somondoco,2006,35.73,"29,06"
Somondoco,2007,40.61,"29,35"
Somondoco,2008,37.71,"28,48"
Somondoco,2009,35.33,"28,93"
Somondoco,2010,38.13,"29,84"
Somondoco,2011,37.43,"27,87"
Somondoco,2012,34.15,"28,62"
Somondoco,2013,33.91,"28,41"
Somondoco,2014,36.65,"29,05"
Somondoco,2015,39.53,"29,08"
Somondoco,2016,39.19,"27,73"
Somondoco,2017,33.65,"27,88"
Somondoco,2018,35.81,"29,47"
Somondoco,2019,38.21,"28,95"
Somondoco,2020,38.93,"30,23"
Somondoco,2021,36.51,"28,98"
Sora,2001,37.25,"28,20"
Sora,2002,41.45,"28,35"
Sora,2003,36.15,"26,38"
Sora,2004,36.15,"26,48"
Sora,2005,36.69,"26,49"
Sora,2006,34.69,"25,27"
Sora,2007,36.21,"26,56"
Sora,2008,33.83,"24,87"
Sora,2009,34.85,"26,35"
Sora,2010,36.61,"26,41"
Sora,2011,33.11,"23,64"
Sora,2012,33.59,"25,67"
Sora,2013,36.97,"25,79"
Sora,2014,36.57,"27,22"
Sora,2015,38.41,"28,63"
Sora,2016,42.39,"27,15"
Sora,2017,36.29,"25,61"
Sora,2018,35.73,"28,44"
Sora,2019,34.41,"26,17"
Sora,2020,36.41,"27,66"
Sora,2021,35.75,"29,13"
Soracá,2001,38.79,"29,17"
Soracá,2002,41.33,"28,19"
Soracá,2003,39.71,"26,74"
Soracá,2004,39.71,"26,06"
Soracá,2005,39.77,"26,47"
Soracá,2006,35.31,"25,48"
Soracá,2007,38.51,"26,44"
Soracá,2008,38.99,"26,57"
Soracá,2009,36.31,"26,14"
Soracá,2010,39.93,"28,07"
Soracá,2011,34.41,"23,05"
Soracá,2012,34.05,"25,95"
Soracá,2013,39.21,"27,56"
Soracá,2014,41.41,"27,16"
Soracá,2015,39.43,"29,65"
Soracá,2016,45.53,"27,59"
Soracá,2017,38.17,"26,45"
Soracá,2018,40.87,"25,19"
Soracá,2019,38.55,"26,27"
Soracá,2020,39.31,"27,63"
Soracá,2021,35.47,"29,13"
Sotaquirá,2001,40.73,"28,51"
Sotaquirá,2002,40.99,"28,68"
Sotaquirá,2003,38.83,"26,79"
Sotaquirá,2004,38.83,"26,54"
Sotaquirá,2005,34.95,"26,34"
Sotaquirá,2006,34.69,"25,34"
Sotaquirá,2007,36.41,"25,95"
Sotaquirá,2008,34.49,"24,53"
Sotaquirá,2009,35.43,"26,23"
Sotaquirá,2010,38.63,"27,22"
Sotaquirá,2011,30.23,"23,52"
Sotaquirá,2012,33.53,"25,51"
Sotaquirá,2013,37.47,"26,89"
Sotaquirá,2014,38.31,"26,59"
Sotaquirá,2015,38.33,"29,03"
Sotaquirá,2016,44.71,"27,58"
Sotaquirá,2017,34.23,"24,59"
Sotaquirá,2018,35.97,"25,55"
Sotaquirá,2019,34.81,"27,27"
Sotaquirá,2020,37.93,"27,60"
Sotaquirá,2021,32.93,"27,61"
Susacón,2001,44.49,"34,24"
Susacón,2002,45.57,"34,98"
Susacón,2003,43.17,"32,91"
Susacón,2004,43.17,"32,06"
Susacón,2005,43.11,"32,75"
Susacón,2006,42.51,"31,15"
Susacón,2007,42.55,"32,99"
Susacón,2008,40.19,"32,21"
Susacón,2009,43.97,"32,98"
Susacón,2010,44.37,"30,74"
Susacón,2011,39.97,"29,32"
Susacón,2012,41.47,"31,59"
Susacón,2013,43.97,"32,40"
Susacón,2014,44.59,"31,88"
Susacón,2015,44.95,"33,66"
Susacón,2016,45.93,"33,65"
Susacón,2017,40.99,"31,08"
Susacón,2018,42.53,"24,71"
Susacón,2019,42.35,"31,49"
Susacón,2020,43.37,"33,22"
Susacón,2021,41.45,"31,50"
Sutamarchán,2001,42.73,"32,55"
Sutamarchán,2002,43.71,"32,33"
Sutamarchán,2003,43.63,"31,15"
Sutamarchán,2004,43.63,"30,53"
Sutamarchán,2005,39.69,"29,90"
Sutamarchán,2006,39.39,"29,97"
Sutamarchán,2007,38.09,"30,26"
Sutamarchán,2008,40.11,"27,91"
Sutamarchán,2009,39.83,"29,29"
Sutamarchán,2010,38.03,"29,46"
Sutamarchán,2011,37.93,"27,48"
Sutamarchán,2012,40.59,"29,90"
Sutamarchán,2013,40.13,"29,75"
Sutamarchán,2014,38.89,"30,01"
Sutamarchán,2015,42.03,"32,09"
Sutamarchán,2016,44.99,"31,60"
Sutamarchán,2017,38.15,"29,31"
Sutamarchán,2018,39.19,"31,59"
Sutamarchán,2019,38.41,"30,29"
Sutamarchán,2020,38.53,"29,36"
Sutamarchán,2021,36.93,"29,87"
Sutatenza,2001,40.15,"30,48"
Sutatenza,2002,36.91,"30,43"
Sutatenza,2003,37.15,"29,20"
Sutatenza,2004,37.15,"29,63"
Sutatenza,2005,38.47,"28,68"
Sutatenza,2006,35.99,"29,17"
Sutatenza,2007,43.07,"28,99"
Sutatenza,2008,39.11,"29,16"
Sutatenza,2009,36.49,"29,31"
Sutatenza,2010,38.69,"30,24"
Sutatenza,2011,37.21,"28,06"
Sutatenza,2012,34.01,"28,69"
Sutatenza,2013,35.91,"28,53"
Sutatenza,2014,37.69,"29,46"
Sutatenza,2015,39.85,"29,35"
Sutatenza,2016,39.49,"28,23"
Sutatenza,2017,35.03,"28,36"
Sutatenza,2018,35.25,"28,49"
Sutatenza,2019,38.29,"29,15"
Sutatenza,2020,39.13,"30,24"
Sutatenza,2021,36.59,"30,01"
Tasco,2001,40.25,"29,49"
Tasco,2002,40.69,"29,20"
Tasco,2003,39.29,"28,61"
Tasco,2004,39.29,"28,19"
Tasco,2005,38.83,"27,72"
Tasco,2006,38.69,"27,12"
Tasco,2007,38.25,"28,49"
Tasco,2008,37.59,"26,84"
Tasco,2009,37.81,"27,29"
Tasco,2010,39.25,"27,79"
Tasco,2011,34.07,"24,50"
Tasco,2012,35.95,"27,56"
Tasco,2013,38.45,"28,64"
Tasco,2014,39.17,"28,53"
Tasco,2015,41.41,"30,31"
Tasco,2016,41.09,"28,84"
Tasco,2017,33.99,"25,75"
Tasco,2018,35.37,"26,32"
Tasco,2019,37.49,"26,26"
Tasco,2020,36.05,"27,56"
Tasco,2021,36.33,"28,73"
Tenza,2001,39.91,"28,25"
Tenza,2002,37.95,"28,64"
Tenza,2003,35.77,"28,29"
Tenza,2004,35.77,"28,52"
Tenza,2005,37.83,"27,73"
Tenza,2006,34.45,"27,66"
Tenza,2007,39.39,"27,73"
Tenza,2008,36.59,"27,73"
Tenza,2009,36.05,"28,19"
Tenza,2010,36.79,"28,75"
Tenza,2011,35.03,"26,72"
Tenza,2012,32.75,"27,12"
Tenza,2013,35.89,"27,20"
Tenza,2014,35.31,"28,77"
Tenza,2015,38.59,"28,15"
Tenza,2016,37.83,"27,41"
Tenza,2017,33.89,"26,91"
Tenza,2018,34.17,"27,05"
Tenza,2019,37.71,"28,23"
Tenza,2020,37.33,"28,19"
Tenza,2021,34.11,"28,78"
Tibaná,2001,39.31,"27,35"
Tibaná,2002,36.33,"27,07"
Tibaná,2003,38.33,"27,75"
Tibaná,2004,38.33,"27,37"
Tibaná,2005,37.83,"26,46"
Tibaná,2006,36.01,"27,87"
Tibaná,2007,39.77,"26,82"
Tibaná,2008,35.27,"26,05"
Tibaná,2009,34.87,"26,55"
Tibaná,2010,36.09,"27,49"
Tibaná,2011,33.39,"25,09"
Tibaná,2012,31.99,"25,75"
Tibaná,2013,34.21,"25,88"
Tibaná,2014,35.61,"26,37"
Tibaná,2015,37.83,"26,19"
Tibaná,2016,39.59,"26,53"
Tibaná,2017,35.51,"25,85"
Tibaná,2018,35.27,"27,64"
Tibaná,2019,36.81,"26,33"
Tibaná,2020,37.55,"27,29"
Tibaná,2021,34.29,"28,17"
Tibasosa,2001,42.15,"30,37"
Tibasosa,2002,40.57,"31,29"
Tibasosa,2003,43.03,"28,34"
Tibasosa,2004,43.03,"28,39"
Tibasosa,2005,37.83,"28,16"
Tibasosa,2006,35.97,"26,50"
Tibasosa,2007,37.31,"28,19"
Tibasosa,2008,36.73,"27,10"
Tibasosa,2009,38.23,"27,60"
Tibasosa,2010,40.45,"27,82"
Tibasosa,2011,34.35,"25,44"
Tibasosa,2012,35.79,"27,72"
Tibasosa,2013,39.01,"28,07"
Tibasosa,2014,38.59,"28,21"
Tibasosa,2015,40.27,"29,77"
Tibasosa,2016,44.59,"28,39"
Tibasosa,2017,35.77,"24,49"
Tibasosa,2018,36.81,"25,81"
Tibasosa,2019,35.37,"27,87"
Tibasosa,2020,37.57,"28,55"
Tibasosa,2021,36.43,"28,21"
Tinjacá,2001,41.01,"31,05"
Tinjacá,2002,41.81,"31,32"
Tinjacá,2003,39.39,"30,01"
Tinjacá,2004,39.39,"29,48"
Tinjacá,2005,38.69,"29,27"
Tinjacá,2006,38.99,"28,69"
Tinjacá,2007,37.29,"29,26"
Tinjacá,2008,36.09,"26,59"
Tinjacá,2009,37.51,"28,63"
Tinjacá,2010,36.83,"28,57"
Tinjacá,2011,35.89,"26,56"
Tinjacá,2012,38.11,"29,31"
Tinjacá,2013,38.23,"28,67"
Tinjacá,2014,40.59,"29,95"
Tinjacá,2015,40.15,"31,06"
Tinjacá,2016,42.07,"30,09"
Tinjacá,2017,35.99,"27,97"
Tinjacá,2018,36.99,"26,78"
Tinjacá,2019,36.87,"29,20"
Tinjacá,2020,36.63,"28,90"
Tinjacá,2021,34.69,"28,37"
Tipacoque,2001,45.05,"35,09"
Tipacoque,2002,45.47,"35,48"
Tipacoque,2003,44.69,"32,19"
Tipacoque,2004,44.69,"32,65"
Tipacoque,2005,44.69,"32,52"
Tipacoque,2006,43.49,"32,46"
Tipacoque,2007,42.67,"32,25"
Tipacoque,2008,44.19,"32,23"
Tipacoque,2009,43.41,"33,73"
Tipacoque,2010,45.33,"31,25"
Tipacoque,2011,39.83,"29,86"
Tipacoque,2012,41.39,"32,35"
Tipacoque,2013,45.45,"32,54"
Tipacoque,2014,42.51,"32,73"
Tipacoque,2015,44.41,"34,77"
Tipacoque,2016,45.23,"34,02"
Tipacoque,2017,41.11,"31,63"
Tipacoque,2018,42.19,"27,78"
Tipacoque,2019,42.55,"32,21"
Tipacoque,2020,44.25,"33,80"
Tipacoque,2021,41.57,"33,25"
Toca,2001,44.39,"32,20"
Toca,2002,44.01,"30,31"
Toca,2003,42.05,"28,06"
Toca,2004,42.05,"27,24"
Toca,2005,39.83,"27,62"
Toca,2006,38.41,"26,87"
Toca,2007,40.85,"27,44"
Toca,2008,39.03,"25,83"
Toca,2009,38.15,"27,26"
Toca,2010,41.71,"29,95"
Toca,2011,33.09,"23,52"
Toca,2012,36.31,"26,79"
Toca,2013,38.91,"28,68"
Toca,2014,42.13,"30,11"
Toca,2015,43.25,"32,34"
Toca,2016,44.21,"28,94"
Toca,2017,38.07,"26,51"
Toca,2018,40.51,"31,67"
Toca,2019,41.03,"28,56"
Toca,2020,41.85,"30,02"
Toca,2021,37.47,"30,74"
Togüí,2001,33.31,"27,19"
Togüí,2002,33.55,"27,27"
Togüí,2003,34.55,"27,35"
Togüí,2004,34.55,"26,95"
Togüí,2005,36.03,"26,67"
Togüí,2006,33.29,"26,64"
Togüí,2007,32.57,"26,68"
Togüí,2008,31.47,"25,98"
Togüí,2009,31.95,"26,58"
Togüí,2010,33.53,"26,53"
Togüí,2011,31.35,"26,26"
Togüí,2012,32.91,"26,65"
Togüí,2013,33.71,"27,13"
Togüí,2014,34.61,"27,04"
Togüí,2015,35.45,"27,27"
Togüí,2016,35.57,"26,96"
Togüí,2017,31.33,"26,44"
Togüí,2018,34.59,"26,57"
Togüí,2019,31.85,"26,46"
Togüí,2020,35.75,"26,72"
Togüí,2021,31.33,"27,29"
Tópaga,2001,41.25,"29,96"
Tópaga,2002,40.25,"29,32"
Tópaga,2003,39.13,"27,95"
Tópaga,2004,39.13,"26,75"
Tópaga,2005,36.83,"26,89"
Tópaga,2006,35.15,"25,36"
Tópaga,2007,36.27,"28,03"
Tópaga,2008,36.45,"26,29"
Tópaga,2009,35.61,"26,52"
Tópaga,2010,35.89,"25,82"
Tópaga,2011,32.05,"23,67"
Tópaga,2012,34.15,"25,61"
Tópaga,2013,36.47,"27,28"
Tópaga,2014,38.41,"28,27"
Tópaga,2015,39.11,"28,95"
Tópaga,2016,39.43,"28,01"
Tópaga,2017,34.19,"25,86"
Tópaga,2018,35.53,"28,67"
Tópaga,2019,35.57,"27,07"
Tópaga,2020,36.37,"27,54"
Tópaga,2021,36.03,"28,53"
Tota,2001,41.87,"29,83"
Tota,2002,43.13,"29,80"
Tota,2003,41.43,"27,90"
Tota,2004,41.43,"26,97"
Tota,2005,40.43,"27,63"
Tota,2006,38.67,"25,49"
Tota,2007,38.95,"27,29"
Tota,2008,37.45,"26,22"
Tota,2009,38.17,"26,61"
Tota,2010,40.35,"28,66"
Tota,2011,35.19,"23,56"
Tota,2012,34.49,"26,17"
Tota,2013,36.79,"27,03"
Tota,2014,38.03,"27,86"
Tota,2015,39.29,"27,79"
Tota,2016,41.97,"27,69"
Tota,2017,36.25,"25,30"
Tota,2018,36.11,"26,79"
Tota,2019,37.87,"27,13"
Tota,2020,40.91,"26,92"
Tota,2021,35.13,"28,75"
Tunja,2001,41.37,"30,79"
Tunja,2002,43.01,"29,97"
Tunja,2003,40.03,"28,34"
Tunja,2004,40.03,"27,91"
Tunja,2005,40.33,"29,07"
Tunja,2006,36.05,"26,88"
Tunja,2007,40.63,"27,92"
Tunja,2008,38.97,"27,94"
Tunja,2009,38.91,"28,67"
Tunja,2010,41.39,"29,60"
Tunja,2011,36.11,"25,07"
Tunja,2012,37.69,"27,61"
Tunja,2013,40.77,"29,79"
Tunja,2014,40.67,"29,91"
Tunja,2015,41.35,"30,98"
Tunja,2016,46.47,"30,17"
Tunja,2017,39.57,"27,72"
Tunja,2018,40.29,"27,87"
Tunja,2019,39.73,"29,67"
Tunja,2020,40.25,"31,26"
Tunja,2021,38.13,"30,23"
Tununguá,2001,32.65,"27,21"
Tununguá,2002,34.05,"27,20"
Tununguá,2003,34.77,"26,94"
Tununguá,2004,34.77,"26,85"
Tununguá,2005,32.71,"26,56"
Tununguá,2006,32.17,"27,20"
Tununguá,2007,30.51,"27,04"
Tununguá,2008,29.09,"25,78"
Tununguá,2009,32.49,"27,01"
Tununguá,2010,31.99,"27,29"
Tununguá,2011,30.69,"26,61"
Tununguá,2012,33.05,"26,90"
Tununguá,2013,35.01,"27,45"
Tununguá,2014,32.65,"26,87"
Tununguá,2015,33.71,"27,68"
Tununguá,2016,33.25,"27,69"
Tununguá,2017,30.63,"26,44"
Tununguá,2018,32.93,"26,37"
Tununguá,2019,33.95,"27,35"
Tununguá,2020,33.59,"26,95"
Tununguá,2021,31.39,"27,13"
Turmequé,2001,37.85,"29,51"
Turmequé,2002,40.13,"29,83"
Turmequé,2003,38.17,"27,81"
Turmequé,2004,38.17,"27,77"
Turmequé,2005,39.53,"28,49"
Turmequé,2006,37.55,"27,75"
Turmequé,2007,38.11,"28,31"
Turmequé,2008,36.19,"26,47"
Turmequé,2009,36.05,"26,78"
Turmequé,2010,38.45,"28,10"
Turmequé,2011,36.81,"25,32"
Turmequé,2012,33.81,"26,97"
Turmequé,2013,36.89,"26,32"
Turmequé,2014,36.11,"26,83"
Turmequé,2015,35.79,"27,39"
Turmequé,2016,41.15,"27,61"
Turmequé,2017,35.97,"26,60"
Turmequé,2018,34.39,"25,00"
Turmequé,2019,36.15,"27,37"
Turmequé,2020,37.77,"28,55"
Turmequé,2021,37.97,"28,83"
Tuta,2001,43.35,"33,08"
Tuta,2002,43.85,"31,21"
Tuta,2003,43.67,"28,44"
Tuta,2004,43.67,"29,04"
Tuta,2005,40.11,"28,03"
Tuta,2006,39.93,"26,88"
Tuta,2007,42.05,"27,73"
Tuta,2008,39.25,"26,20"
Tuta,2009,39.23,"27,69"
Tuta,2010,41.43,"29,39"
Tuta,2011,33.23,"24,06"
Tuta,2012,37.65,"27,24"
Tuta,2013,41.29,"29,18"
Tuta,2014,42.51,"30,03"
Tuta,2015,43.21,"33,05"
Tuta,2016,47.19,"28,94"
Tuta,2017,37.47,"26,05"
Tuta,2018,42.35,"26,60"
Tuta,2019,41.63,"29,36"
Tuta,2020,41.87,"29,40"
Tuta,2021,38.33,"30,78"
Tutazá,2001,37.39,"26,74"
Tutazá,2002,42.13,"26,77"
Tutazá,2003,39.71,"26,10"
Tutazá,2004,39.71,"26,01"
Tutazá,2005,37.01,"25,70"
Tutazá,2006,37.23,"24,83"
Tutazá,2007,35.97,"25,28"
Tutazá,2008,33.69,"24,69"
Tutazá,2009,35.03,"25,33"
Tutazá,2010,36.99,"26,37"
Tutazá,2011,33.63,"22,55"
Tutazá,2012,32.63,"24,69"
Tutazá,2013,34.01,"25,37"
Tutazá,2014,35.09,"24,53"
Tutazá,2015,37.27,"26,11"
Tutazá,2016,39.99,"27,24"
Tutazá,2017,32.79,"24,73"
Tutazá,2018,32.11,"24,67"
Tutazá,2019,33.49,"23,75"
Tutazá,2020,38.11,"25,46"
Tutazá,2021,32.71,"25,91"
Úmbita,2001,37.37,"27,03"
Úmbita,2002,36.21,"26,81"
Úmbita,2003,38.91,"26,87"
Úmbita,2004,38.91,"27,11"
Úmbita,2005,37.23,"26,52"
Úmbita,2006,34.23,"26,57"
Úmbita,2007,37.59,"26,60"
Úmbita,2008,34.29,"26,63"
Úmbita,2009,32.93,"25,89"
Úmbita,2010,35.09,"26,61"
Úmbita,2011,33.83,"24,89"
Úmbita,2012,31.51,"25,10"
Úmbita,2013,34.61,"25,59"
Úmbita,2014,34.37,"26,73"
Úmbita,2015,35.37,"26,27"
Úmbita,2016,37.97,"26,30"
Úmbita,2017,34.41,"25,29"
Úmbita,2018,32.91,"24,76"
Úmbita,2019,36.45,"25,99"
Úmbita,2020,35.69,"26,75"
Úmbita,2021,32.87,"26,88"
Ventaquemada,2001,37.85,"27,29"
Ventaquemada,2002,38.29,"27,43"
Ventaquemada,2003,36.69,"26,52"
Ventaquemada,2004,36.69,"26,11"
Ventaquemada,2005,37.43,"25,97"
Ventaquemada,2006,33.99,"24,83"
Ventaquemada,2007,36.85,"25,62"
Ventaquemada,2008,35.33,"24,04"
Ventaquemada,2009,32.47,"24,71"
Ventaquemada,2010,40.51,"28,10"
Ventaquemada,2011,33.07,"22,74"
Ventaquemada,2012,31.07,"24,11"
Ventaquemada,2013,35.25,"24,96"
Ventaquemada,2014,35.89,"25,85"
Ventaquemada,2015,34.75,"25,07"
Ventaquemada,2016,41.87,"26,65"
Ventaquemada,2017,33.99,"24,22"
Ventaquemada,2018,31.79,"23,79"
Ventaquemada,2019,34.65,"24,81"
Ventaquemada,2020,35.41,"26,14"
Ventaquemada,2021,33.85,"27,76"
Villa de Leyva,2001,40.41,"31,37"
Villa de Leyva,2002,42.21,"32,55"
Villa de Leyva,2003,40.35,"30,70"
Villa de Leyva,2004,40.35,"29,69"
Villa de Leyva,2005,38.13,"29,46"
Villa de Leyva,2006,40.15,"29,36"
Villa de Leyva,2007,36.23,"29,37"
Villa de Leyva,2008,38.59,"28,72"
Villa de Leyva,2009,39.51,"30,12"
Villa de Leyva,2010,37.49,"29,15"
Villa de Leyva,2011,37.75,"27,38"
Villa de Leyva,2012,39.37,"29,01"
Villa de Leyva,2013,41.37,"29,66"
Villa de Leyva,2014,40.71,"30,03"
Villa de Leyva,2015,41.35,"30,49"
Villa de Leyva,2016,42.45,"31,08"
Villa de Leyva,2017,36.99,"28,11"
Villa de Leyva,2018,37.63,"29,03"
Villa de Leyva,2019,37.89,"29,75"
Villa de Leyva,2020,38.73,"29,83"
Villa de Leyva,2021,35.73,"29,71"
Viracachá,2001,36.09,"26,23"
Viracachá,2002,37.75,"25,31"
Viracachá,2003,38.11,"25,51"
Viracachá,2004,38.11,"25,54"
Viracachá,2005,38.01,"24,93"
Viracachá,2006,32.71,"24,68"
Viracachá,2007,38.09,"25,25"
Viracachá,2008,34.45,"24,41"
Viracachá,2009,34.95,"23,85"
Viracachá,2010,37.35,"26,36"
Viracachá,2011,33.13,"22,34"
Viracachá,2012,31.73,"23,97"
Viracachá,2013,36.33,"24,56"
Viracachá,2014,36.93,"25,01"
Viracachá,2015,34.85,"25,58"
Viracachá,2016,40.89,"25,46"
Viracachá,2017,32.45,"23,86"
Viracachá,2018,37.15,"23,60"
Viracachá,2019,35.91,"24,29"
Viracachá,2020,35.55,"25,37"
Viracachá,2021,31.21,"24,81"
Zetaquira,2001,36.37,"27,25"
Zetaquira,2002,34.29,"27,17"
Zetaquira,2003,33.51,"27,45"
Zetaquira,2004,33.51,"27,08"
Zetaquira,2005,34.63,"26,05"
Zetaquira,2006,32.95,"26,77"
Zetaquira,2007,35.53,"27,14"
Zetaquira,2008,32.57,"26,60"
Zetaquira,2009,31.61,"27,48"
Zetaquira,2010,36.07,"28,48"
Zetaquira,2011,31.85,"26,21"
Zetaquira,2012,32.23,"26,37"
Zetaquira,2013,33.65,"26,26"
Zetaquira,2014,32.53,"27,13"
Zetaquira,2015,35.65,"27,55"
Zetaquira,2016,36.19,"26,63"
Zetaquira,2017,30.51,"26,37"
Zetaquira,2018,33.17,"26,53"
Zetaquira,2019,36.37,"27,37"
Zetaquira,2020,36.45,"27,67"
Zetaquira,2021,31.79,"27,85"
